datetime,year,rainfall,runoff
2016-01-01,2016,0.0006751592514241577,1720.0
2016-01-02,2016,0.14439490406438826,1680.0
2016-01-03,2016,2.918216558019067,1640.0
2016-01-04,2016,0.0,1580.0
2016-01-05,2016,0.0,1520.0
2016-01-06,2016,0.0,1450.0
2016-01-07,2016,0.0,1390.0
2016-01-08,2016,0.0,1350.0
2016-01-09,2016,1.009949045728115,1310.0
2016-01-10,2016,19.440050993755364,1290.0
2016-01-11,2016,0.0,1360.0
2016-01-12,2016,6.048936306291325,1370.0
2016-01-13,2016,5.694535027643678,1460.0
2016-01-14,2016,0.0,1500.0
2016-01-15,2016,0.0,1500.0
2016-01-16,2016,1.789783436021987,1490.0
2016-01-17,2016,0.00942038222672833,1430.0
2016-01-18,2016,0.0182866242218905,1410.0
2016-01-19,2016,1.1231401299784898,1400.0
2016-01-20,2016,0.0,1380.0
2016-01-21,2016,0.0,1350.0
2016-01-22,2016,0.0,1290.0
2016-01-23,2016,0.0,1240.0
2016-01-24,2016,0.0,1190.0
2016-01-25,2016,0.0,1140.0
2016-01-26,2016,3.1482675174239336,1100.0
2016-01-27,2016,0.0,1070.0
2016-01-28,2016,0.0,1030.0
2016-01-29,2016,0.11982165620688966,1010.0
2016-01-30,2016,0.8067643330877374,970.0
2016-01-31,2016,0.9172038211943997,939.0
2016-02-01,2016,0.2885095542437652,905.0
2016-02-02,2016,0.0,879.0
2016-02-03,2016,13.134509560408866,870.0
2016-02-04,2016,0.0,883.0
2016-02-05,2016,0.91401910879145,857.0
2016-02-06,2016,3.953675159982815,851.0
2016-02-07,2016,0.0,848.0
2016-02-08,2016,3.069407643026607,845.0
2016-02-09,2016,4.399789793476177,833.0
2016-02-10,2016,0.4035350322563225,824.0
2016-02-11,2016,0.25045859808277243,800.0
2016-02-12,2016,0.0,777.0
2016-02-13,2016,0.10882802560011957,760.0
2016-02-14,2016,0.027707006405611898,741.0
2016-02-15,2016,6.806471347808838,725.0
2016-02-16,2016,20.326184770863527,709.0
2016-02-17,2016,0.06691719750001741,752.0
2016-02-18,2016,0.0,777.0
2016-02-19,2016,1.1755031876882929,800.0
2016-02-20,2016,6.995719745660284,821.0
2016-02-21,2016,0.3012802556941618,845.0
2016-02-22,2016,0.0,863.0
2016-02-23,2016,0.010407643143538457,882.0
2016-02-24,2016,51.07558584516975,896.0
2016-02-25,2016,5.073764339374129,1140.0
2016-02-26,2016,0.00030573248673396506,1290.0
2016-02-27,2016,0.06871337542728563,1370.0
2016-02-28,2016,4.011936313787084,1390.0
2016-02-29,2016,4.627000020567778,1450.0
2016-03-01,2016,6.472503194383755,1480.0
2016-03-02,2016,12.89633756989886,1540.0
2016-03-03,2016,0.0,1590.0
2016-03-04,2016,0.0,1590.0
2016-03-05,2016,0.0,1500.0
2016-03-06,2016,0.0,1460.0
2016-03-07,2016,2.6043821679558725,1420.0
2016-03-08,2016,5.794031847814086,1360.0
2016-03-09,2016,9.161681524507559,1350.0
2016-03-10,2016,1.3583694300406677,1400.0
2016-03-11,2016,0.0,1380.0
2016-03-12,2016,0.0,1350.0
2016-03-13,2016,0.0,1330.0
2016-03-14,2016,1.2359872608427789,1310.0
2016-03-15,2016,7.956974521564071,1290.0
2016-03-16,2016,1.5285541415214539,1340.0
2016-03-17,2016,6.196070045422596,1410.0
2016-03-18,2016,0.03968789820428819,1440.0
2016-03-19,2016,0.0,1430.0
2016-03-20,2016,0.0,1430.0
2016-03-21,2016,0.8882929913767845,1410.0
2016-03-22,2016,0.0,1400.0
2016-03-23,2016,0.0,1350.0
2016-03-24,2016,10.11997450688842,1330.0
2016-03-25,2016,9.76103185544348,1340.0
2016-03-26,2016,0.0,1340.0
2016-03-27,2016,0.0,1320.0
2016-03-28,2016,28.087738838924725,1310.0
2016-03-29,2016,1.920229296395733,1460.0
2016-03-30,2016,0.0,1510.0
2016-03-31,2016,11.995789807313567,1650.0
2016-04-01,2016,10.288828038865594,1960.0
2016-04-02,2016,0.37538216515981065,2430.0
2016-04-03,2016,0.0,2810.0
2016-04-04,2016,0.0,3060.0
2016-04-05,2016,0.0,3170.0
2016-04-06,2016,2.9730573232006874,3220.0
2016-04-07,2016,11.807796168479191,3250.0
2016-04-08,2016,2.751974525345359,3580.0
2016-04-09,2016,0.0,3910.0
2016-04-10,2016,0.0,4020.0
2016-04-11,2016,9.602961825717028,4050.0
2016-04-12,2016,7.825312110269145,4190.0
2016-04-13,2016,0.0,4330.0
2016-04-14,2016,0.0,4380.0
2016-04-15,2016,0.0,4420.0
2016-04-16,2016,0.0,4510.0
2016-04-17,2016,0.0,4710.0
2016-04-18,2016,0.0,5160.0
2016-04-19,2016,0.0,5540.0
2016-04-20,2016,0.0,5820.0
2016-04-21,2016,0.0,6160.0
2016-04-22,2016,0.30957324792049634,6680.0
2016-04-23,2016,0.0,7260.0
2016-04-24,2016,0.0,7590.0
2016-04-25,2016,0.0,7430.0
2016-04-26,2016,0.0,7080.0
2016-04-27,2016,0.0,6670.0
2016-04-28,2016,0.0,6240.0
2016-04-29,2016,0.0,5820.0
2016-04-30,2016,0.0,5440.0
2016-05-01,2016,0.06898089174098175,5140.0
2016-05-02,2016,6.84329301080886,4940.0
2016-05-03,2016,0.0,4890.0
2016-05-04,2016,0.24885987424422173,4760.0
2016-05-05,2016,0.0,4640.0
2016-05-06,2016,0.0,4540.0
2016-05-07,2016,0.8180382154328796,4450.0
2016-05-08,2016,4.179490450840847,4400.0
2016-05-09,2016,0.09891719701121543,4340.0
2016-05-10,2016,0.0,4140.0
2016-05-11,2016,0.0,3920.0
2016-05-12,2016,0.0,3710.0
2016-05-13,2016,16.605777054075983,3520.0
2016-05-14,2016,2.07267516433813,3530.0
2016-05-15,2016,13.726312139231688,3470.0
2016-05-16,2016,4.760484071294213,3490.0
2016-05-17,2016,3.821656084174563e-05,3460.0
2016-05-18,2016,0.0,3370.0
2016-05-19,2016,0.005191082926022161,3260.0
2016-05-20,2016,0.0,3130.0
2016-05-21,2016,0.0,2990.0
2016-05-22,2016,0.00010828026066160505,2830.0
2016-05-23,2016,0.0,2680.0
2016-05-24,2016,0.0,2540.0
2016-05-25,2016,9.965554134101625,2410.0
2016-05-26,2016,2.377452236831568,2330.0
2016-05-27,2016,5.879579630626995,2290.0
2016-05-28,2016,0.8986624213184711,2190.0
2016-05-29,2016,2.907286623480973,2080.0
2016-05-30,2016,4.435936287330215,2010.0
2016-05-31,2016,7.215082817776188,1970.0
2016-06-01,2016,0.0,1850.0
2016-06-02,2016,5.481331211746118,1770.0
2016-06-03,2016,6.993751571436596,1730.0
2016-06-04,2016,0.000764331193106949,1700.0
2016-06-05,2016,21.062203777823477,1620.0
2016-06-06,2016,7.445617820806564,1830.0
2016-06-07,2016,10.319528652604218,1870.0
2016-06-08,2016,3.14798725486561,1880.0
2016-06-09,2016,1.943216563030413,1870.0
2016-06-10,2016,0.0,1870.0
2016-06-11,2016,10.90157961237962,1850.0
2016-06-12,2016,20.258267536284816,1960.0
2016-06-13,2016,3.8836687841233175,2170.0
2016-06-14,2016,0.0,2240.0
2016-06-15,2016,0.0,2260.0
2016-06-16,2016,0.0,2220.0
2016-06-17,2016,0.0,2150.0
2016-06-18,2016,0.0,2080.0
2016-06-19,2016,0.0,1990.0
2016-06-20,2016,2.0321719760348085,1900.0
2016-06-21,2016,0.23252229393492482,1790.0
2016-06-22,2016,0.5405796184486288,1670.0
2016-06-23,2016,0.9308152893546281,1560.0
2016-06-24,2016,0.0,1450.0
2016-06-25,2016,6.3694270541238934e-06,1370.0
2016-06-26,2016,0.0,1280.0
2016-06-27,2016,0.0,1200.0
2016-06-28,2016,8.839503188042125,1140.0
2016-06-29,2016,10.154242031133858,1130.0
2016-06-30,2016,0.027904459031352146,1250.0
2016-07-01,2016,8.957789818952039,1120.0
2016-07-02,2016,5.025484069137816,1120.0
2016-07-03,2016,0.0,1040.0
2016-07-04,2016,9.225917233023674,978.0
2016-07-05,2016,8.00531848980363,953.0
2016-07-06,2016,10.878458609246904,947.0
2016-07-07,2016,26.839458587063344,1130.0
2016-07-08,2016,0.29001910741304515,1470.0
2016-07-09,2016,6.384210188677357,1470.0
2016-07-10,2016,4.164974507252881,1510.0
2016-07-11,2016,0.0,1510.0
2016-07-12,2016,0.0,1470.0
2016-07-13,2016,5.923866230591088,1450.0
2016-07-14,2016,22.966050901230734,1470.0
2016-07-15,2016,3.12071973521998,1580.0
2016-07-16,2016,0.012178344056633105,1510.0
2016-07-17,2016,4.91631208967631,1470.0
2016-07-18,2016,4.389681527569036,1440.0
2016-07-19,2016,0.0,1360.0
2016-07-20,2016,0.0,1280.0
2016-07-21,2016,2.8613757891639784,1230.0
2016-07-22,2016,10.601815304558748,1200.0
2016-07-23,2016,1.292375797450329,1190.0
2016-07-24,2016,0.0,1120.0
2016-07-25,2016,13.200662366903511,1080.0
2016-07-26,2016,0.56359872467457,1090.0
2016-07-27,2016,2.3827069978315714,1040.0
2016-07-28,2016,4.641171971582926,997.0
2016-07-29,2016,0.0,946.0
2016-07-30,2016,0.0,892.0
2016-07-31,2016,0.0,837.0
2016-08-01,2016,0.0,788.0
2016-08-02,2016,0.0,741.0
2016-08-03,2016,0.00025477707623296485,696.0
2016-08-04,2016,8.225987235831607,668.0
2016-08-05,2016,6.220254773546936,672.0
2016-08-06,2016,0.06851592339771047,656.0
2016-08-07,2016,4.513019114542919,606.0
2016-08-08,2016,0.0,566.0
2016-08-09,2016,0.0,525.0
2016-08-10,2016,5.741222928046801,502.0
2016-08-11,2016,2.1336369385385208,494.0
2016-08-12,2016,8.114197485006539,501.0
2016-08-13,2016,15.44027384071593,494.0
2016-08-14,2016,5.519662431850555,508.0
2016-08-15,2016,0.7824777064809374,520.0
2016-08-16,2016,24.64568164849737,522.0
2016-08-17,2016,0.3836751601319155,639.0
2016-08-18,2016,0.10145859707259591,687.0
2016-08-19,2016,0.0,692.0
2016-08-20,2016,0.0,706.0
2016-08-21,2016,21.331356686391647,714.0
2016-08-22,2016,12.955987259081216,848.0
2016-08-23,2016,2.4184267525056935,940.0
2016-08-24,2016,0.0002675159258922194,967.0
2016-08-25,2016,0.09045859778397805,993.0
2016-08-26,2016,0.4878853500530029,991.0
2016-08-27,2016,0.0,955.0
2016-08-28,2016,7.577044574698066,927.0
2016-08-29,2016,0.0072420382305718725,912.0
2016-08-30,2016,1.7184267575922274,894.0
2016-08-31,2016,2.7757770696263404,891.0
2016-09-01,2016,0.592719744771547,876.0
2016-09-02,2016,0.0,835.0
2016-09-03,2016,0.0,794.0
2016-09-04,2016,0.0,757.0
2016-09-05,2016,0.0,713.0
2016-09-06,2016,0.0,672.0
2016-09-07,2016,0.00010828026066160505,633.0
2016-09-08,2016,18.7068534474464,620.0
2016-09-09,2016,0.0,666.0
2016-09-10,2016,1.7661019081522704,616.0
2016-09-11,2016,8.184471324750572,601.0
2016-09-12,2016,0.0,556.0
2016-09-13,2016,0.0,533.0
2016-09-14,2016,5.6229363064857045,506.0
2016-09-15,2016,0.02446496804544382,479.0
2016-09-16,2016,0.0,455.0
2016-09-17,2016,3.1661910779157263,437.0
2016-09-18,2016,0.506789809258975,426.0
2016-09-19,2016,4.955331202525242,404.0
2016-09-20,2016,9.105758002609205,415.0
2016-09-21,2016,0.0,441.0
2016-09-22,2016,10.204019100043425,422.0
2016-09-23,2016,0.8214203845116363,428.0
2016-09-24,2016,0.0,416.0
2016-09-25,2016,0.0,388.0
2016-09-26,2016,0.8763248396527236,373.0
2016-09-27,2016,0.4528216580670493,359.0
2016-09-28,2016,0.0,347.0
2016-09-29,2016,0.0,327.0
2016-09-30,2016,0.0,314.0
2016-10-01,2016,0.0,303.0
2016-10-02,2016,0.03527388533660371,296.0
2016-10-03,2016,0.043598726181206617,279.0
2016-10-04,2016,0.0,267.0
2016-10-05,2016,0.0,259.0
2016-10-06,2016,0.0,249.0
2016-10-07,2016,0.0,241.0
2016-10-08,2016,1.6632929987208858,238.0
2016-10-09,2016,0.0,227.0
2016-10-10,2016,0.0,204.0
2016-10-11,2016,0.0,200.0
2016-10-12,2016,0.0,195.0
2016-10-13,2016,2.9065541340287324,194.0
2016-10-14,2016,0.0,177.0
2016-10-15,2016,0.0,171.0
2016-10-16,2016,12.90792998538655,172.0
2016-10-17,2016,0.0,167.0
2016-10-18,2016,5.212025466238617,169.0
2016-10-19,2016,0.0,177.0
2016-10-20,2016,16.22961139223378,168.0
2016-10-21,2016,21.465675129252634,313.0
2016-10-22,2016,18.947560565486835,485.0
2016-10-23,2016,1.958573251772838,657.0
2016-10-24,2016,1.4117261156155045,587.0
2016-10-25,2016,2.7318662321491605,589.0
2016-10-26,2016,0.028993630276809026,617.0
2016-10-27,2016,0.0,626.0
2016-10-28,2016,0.25241401264663477,632.0
2016-10-29,2016,7.083923549409125,628.0
2016-10-30,2016,0.0,680.0
2016-10-31,2016,0.0,667.0
2016-11-01,2016,4.5304012754160885,664.0
2016-11-02,2016,0.0,674.0
2016-11-03,2016,7.616503168822853,676.0
2016-11-04,2016,0.0,736.0
2016-11-05,2016,0.0070891720383683115,739.0
2016-11-06,2016,0.0,731.0
2016-11-07,2016,0.0,729.0
2016-11-08,2016,0.0,719.0
2016-11-09,2016,0.038904458973971996,704.0
2016-11-10,2016,2.063070062619106,700.0
2016-11-11,2016,1.1518662452080828,687.0
2016-11-12,2016,0.11366241981919001,669.0
2016-11-13,2016,0.0,656.0
2016-11-14,2016,0.0,641.0
2016-11-15,2016,7.833675193179185,624.0
2016-11-16,2016,22.074356704760508,750.0
2016-11-17,2016,0.0,1070.0
2016-11-18,2016,0.0,1080.0
2016-11-19,2016,3.87566243918838,1140.0
2016-11-20,2016,4.169388526564191,1230.0
2016-11-21,2016,5.095726095187437,1360.0
2016-11-22,2016,1.4192038246780445,1410.0
2016-11-23,2016,0.0,1440.0
2016-11-24,2016,0.0,1440.0
2016-11-25,2016,5.9754840522814705,1440.0
2016-11-26,2016,8.235515922497791,1440.0
2016-11-27,2016,1.200955414278492,1450.0
2016-11-28,2016,0.0,1430.0
2016-11-29,2016,13.191299353435541,1420.0
2016-11-30,2016,6.94329300351963,1440.0
2016-12-01,2016,24.354503133494383,1450.0
2016-12-02,2016,1.9725923579969225,1490.0
2016-12-03,2016,0.38140764302324953,1430.0
2016-12-04,2016,0.0,1380.0
2016-12-05,2016,0.21927388446556795,1340.0
2016-12-06,2016,0.0,1320.0
2016-12-07,2016,0.9413057330307687,1260.0
2016-12-08,2016,0.9382038204723103,1220.0
2016-12-09,2016,0.0,1170.0
2016-12-10,2016,0.0,1110.0
2016-12-11,2016,0.4474076434738554,1070.0
2016-12-12,2016,8.04379621736563,1030.0
2016-12-13,2016,0.0,988.0
2016-12-14,2016,0.0,953.0
2016-12-15,2016,0.34821019031383266,915.0
2016-12-16,2016,0.0,879.0
2016-12-17,2016,8.770038209903012,856.0
2016-12-18,2016,2.0546496833205983,839.0
2016-12-19,2016,0.0,819.0
2016-12-20,2016,0.0,800.0
2016-12-21,2016,0.0,777.0
2016-12-22,2016,1.01014012743713,751.0
2016-12-23,2016,0.0,726.0
2016-12-24,2016,0.435452228799836,704.0
2016-12-25,2016,0.0,685.0
2016-12-26,2016,17.03864330850589,669.0
2016-12-27,2016,0.1545286631629844,669.0
2016-12-28,2016,0.0,665.0
2016-12-29,2016,27.03504453039473,651.0
2016-12-30,2016,1.4178598697777767,642.0
2016-12-31,2016,2.6575923436766216,658.0
2017-01-01,2017,0.24670700587118696,652.0
2017-01-02,2017,0.0,636.0
2017-01-03,2017,16.840579652482536,617.0
2017-01-04,2017,4.860299356424125,604.0
2017-01-05,2017,0.0,608.0
2017-01-06,2017,0.0,597.0
2017-01-07,2017,0.09813375814645818,584.0
2017-01-08,2017,0.0,572.0
2017-01-09,2017,0.0,560.0
2017-01-10,2017,8.568821682292185,548.0
2017-01-11,2017,2.605949035116062,536.0
2017-01-12,2017,2.200343948260994,527.0
2017-01-13,2017,0.0,523.0
2017-01-14,2017,0.0,527.0
2017-01-15,2017,0.0,536.0
2017-01-16,2017,0.09387898082833049,543.0
2017-01-17,2017,0.0,547.0
2017-01-18,2017,3.4218917242280997,549.0
2017-01-19,2017,0.0,548.0
2017-01-20,2017,0.0,546.0
2017-01-21,2017,0.0,541.0
2017-01-22,2017,0.0,535.0
2017-01-23,2017,0.0,527.0
2017-01-24,2017,36.22258584818263,518.0
2017-01-25,2017,4.403764299526336,526.0
2017-01-26,2017,1.9148025482323519,536.0
2017-01-27,2017,0.43840764246875075,529.0
2017-01-28,2017,0.0,520.0
2017-01-29,2017,0.4599872625545616,510.0
2017-01-30,2017,0.3236687892126987,501.0
2017-01-31,2017,0.0,492.0
2017-02-01,2017,1.4599936342543098,484.0
2017-02-02,2017,0.2312038217479909,478.0
2017-02-03,2017,0.0,472.0
2017-02-04,2017,0.0,465.0
2017-02-05,2017,0.8566751609182661,458.0
2017-02-06,2017,0.0,452.0
2017-02-07,2017,10.789592366309682,448.0
2017-02-08,2017,0.009668789745403372,446.0
2017-02-09,2017,3.3536687876768174,450.0
2017-02-10,2017,0.0,453.0
2017-02-11,2017,0.13478980955792366,449.0
2017-02-12,2017,5.693560498535254,444.0
2017-02-13,2017,5.775853506319082,437.0
2017-02-14,2017,0.0,430.0
2017-02-15,2017,1.6881528690362433,423.0
2017-02-16,2017,0.0,417.0
2017-02-17,2017,0.0,412.0
2017-02-18,2017,0.07282165633989082,407.0
2017-02-19,2017,0.4606050936984207,402.0
2017-02-20,2017,0.0,397.0
2017-02-21,2017,0.14918471376373058,392.0
2017-02-22,2017,0.0,388.0
2017-02-23,2017,3.9211847341744,385.0
2017-02-24,2017,7.0328853441651455,405.0
2017-02-25,2017,13.566993634412244,490.0
2017-02-26,2017,0.09373248451475386,605.0
2017-02-27,2017,0.0,741.0
2017-02-28,2017,0.8055159252160674,899.0
2017-03-01,2017,13.038656082882243,1050.0
2017-03-02,2017,0.20793630564614987,1190.0
2017-03-03,2017,0.0,1300.0
2017-03-04,2017,0.0,1380.0
2017-03-05,2017,0.0,1460.0
2017-03-06,2017,0.0,1520.0
2017-03-07,2017,8.668617813450515,1580.0
2017-03-08,2017,6.8859108116976016,1640.0
2017-03-09,2017,0.5215477704442741,1680.0
2017-03-10,2017,0.0,1690.0
2017-03-11,2017,0.0,1670.0
2017-03-12,2017,0.021082802602997535,1650.0
2017-03-13,2017,0.0,1610.0
2017-03-14,2017,22.783197390805384,1590.0
2017-03-15,2017,1.642445861913596,1610.0
2017-03-16,2017,0.0,1620.0
2017-03-17,2017,0.0,1560.0
2017-03-18,2017,0.0,1490.0
2017-03-19,2017,0.0,1430.0
2017-03-20,2017,0.0,1380.0
2017-03-21,2017,0.31545222853977756,1330.0
2017-03-22,2017,0.44438216576032386,1290.0
2017-03-23,2017,0.0,1240.0
2017-03-24,2017,0.011044585810392905,1200.0
2017-03-25,2017,0.0,1160.0
2017-03-26,2017,1.1007961747800088,1110.0
2017-03-27,2017,10.472019116589978,1090.0
2017-03-28,2017,5.661878966981439,1080.0
2017-03-29,2017,0.08980254846058525,1060.0
2017-03-30,2017,0.0,1030.0
2017-03-31,2017,0.0,996.0
2017-04-01,2017,0.7276624190920643,977.0
2017-04-02,2017,0.00840127390993249,952.0
2017-04-03,2017,0.0,939.0
2017-04-04,2017,3.6105668742185943,931.0
2017-04-05,2017,1.8174522241969018,924.0
2017-04-06,2017,16.3256687966122,940.0
2017-04-07,2017,2.1105222937407766,1210.0
2017-04-08,2017,0.6769426761448656,1540.0
2017-04-09,2017,0.29248407682489935,1890.0
2017-04-10,2017,0.0,2370.0
2017-04-11,2017,2.9221910868480707,3260.0
2017-04-12,2017,4.912694277277418,4130.0
2017-04-13,2017,0.0,4990.0
2017-04-14,2017,0.0,5590.0
2017-04-15,2017,0.5862547787303805,6160.0
2017-04-16,2017,7.701095544608536,6810.0
2017-04-17,2017,5.455216556597668,7610.0
2017-04-18,2017,0.17850955497105694,7900.0
2017-04-19,2017,6.5989617876186495,7850.0
2017-04-20,2017,0.0,7790.0
2017-04-21,2017,12.849235650080784,7600.0
2017-04-22,2017,4.554426765745612,7510.0
2017-04-23,2017,1.7695031853238488,7340.0
2017-04-24,2017,0.0,7270.0
2017-04-25,2017,9.173624214852692,7100.0
2017-04-26,2017,11.82833120018054,7630.0
2017-04-27,2017,2.3792611383328772,8720.0
2017-04-28,2017,0.17141401344483162,9770.0
2017-04-29,2017,0.0,10400.0
2017-04-30,2017,3.5836305747366257,10500.0
2017-05-01,2017,22.27578977111039,10100.0
2017-05-02,2017,16.024598795896882,11000.0
2017-05-03,2017,1.2383184668364797,11800.0
2017-05-04,2017,0.0,11600.0
2017-05-05,2017,4.658630560158165,10900.0
2017-05-06,2017,9.868713372831891,10400.0
2017-05-07,2017,6.589968174126498,10200.0
2017-05-08,2017,12.183923575528867,9820.0
2017-05-09,2017,11.480445861816406,9600.0
2017-05-10,2017,1.7823120993413744,9400.0
2017-05-11,2017,0.2250127386321035,8940.0
2017-05-12,2017,0.0,8410.0
2017-05-13,2017,0.0,7810.0
2017-05-14,2017,8.541375826118857,7190.0
2017-05-15,2017,0.822184712612693,6690.0
2017-05-16,2017,0.0,6200.0
2017-05-17,2017,1.9712484019577123,5770.0
2017-05-18,2017,11.183764332418988,5360.0
2017-05-19,2017,0.0,5310.0
2017-05-20,2017,0.0,4980.0
2017-05-21,2017,0.0,4660.0
2017-05-22,2017,1.374095538998865,4350.0
2017-05-23,2017,0.0,4060.0
2017-05-24,2017,0.0,3780.0
2017-05-25,2017,2.3728535044345125,3520.0
2017-05-26,2017,5.33102548122406,3300.0
2017-05-27,2017,0.0,3120.0
2017-05-28,2017,1.5968471293124091,2920.0
2017-05-29,2017,0.5761656028687194,2730.0
2017-05-30,2017,1.279624202448851,2550.0
2017-05-31,2017,12.70239487119541,2410.0
2017-06-01,2017,2.1344267486766646,2400.0
2017-06-02,2017,2.6692738777892604,2260.0
2017-06-03,2017,1.0809999950182665,2130.0
2017-06-04,2017,0.0524012737412148,2020.0
2017-06-05,2017,0.0,1910.0
2017-06-06,2017,0.0,1770.0
2017-06-07,2017,0.0,1640.0
2017-06-08,2017,0.00872611453175355,1530.0
2017-06-09,2017,2.2545286617619964,1440.0
2017-06-10,2017,0.0,1320.0
2017-06-11,2017,0.0,1240.0
2017-06-12,2017,4.9435668902791985,1150.0
2017-06-13,2017,0.0,1090.0
2017-06-14,2017,0.0,994.0
2017-06-15,2017,0.0,942.0
2017-06-16,2017,19.295191017685422,914.0
2017-06-17,2017,0.6362611453588696,995.0
2017-06-18,2017,0.0,952.0
2017-06-19,2017,35.2679235677051,978.0
2017-06-20,2017,3.0222929941051326,1720.0
2017-06-21,2017,3.6871401246186273,1930.0
2017-06-22,2017,0.0,1950.0
2017-06-23,2017,19.637108310772355,1900.0
2017-06-24,2017,2.8933184727741654,2120.0
2017-06-25,2017,1.2939044609191312,2020.0
2017-06-26,2017,0.5036878974954034,1920.0
2017-06-27,2017,11.024267515559105,1840.0
2017-06-28,2017,4.659089187907565,1810.0
2017-06-29,2017,0.5720318456856641,1760.0
2017-06-30,2017,3.296649680134787,1690.0
2017-07-01,2017,8.341757953546608,1660.0
2017-07-02,2017,0.48022930103629996,1680.0
2017-07-03,2017,4.651579628134988,1610.0
2017-07-04,2017,0.08226751507064149,1550.0
2017-07-05,2017,0.0,1490.0
2017-07-06,2017,0.3411783459559261,1420.0
2017-07-07,2017,18.277840717582947,1360.0
2017-07-08,2017,6.554458572606372,1420.0
2017-07-09,2017,0.5396751579005497,1430.0
2017-07-10,2017,1.513369425846513,1430.0
2017-07-11,2017,6.352681530994707,1430.0
2017-07-12,2017,0.0,1410.0
2017-07-13,2017,0.0,1350.0
2017-07-14,2017,0.0555668791005637,1290.0
2017-07-15,2017,0.0,1220.0
2017-07-16,2017,5.501592354789661,1150.0
2017-07-17,2017,1.073713377568942,1110.0
2017-07-18,2017,0.5660445844572168,1050.0
2017-07-19,2017,0.002458598782088916,978.0
2017-07-20,2017,2.065184705955967,909.0
2017-07-21,2017,7.629337605397413,866.0
2017-07-22,2017,0.0,816.0
2017-07-23,2017,0.0,748.0
2017-07-24,2017,0.0,702.0
2017-07-25,2017,0.0,658.0
2017-07-26,2017,0.03213375806141123,618.0
2017-07-27,2017,0.7724394929257168,586.0
2017-07-28,2017,0.0,536.0
2017-07-29,2017,0.0,497.0
2017-07-30,2017,0.0,466.0
2017-07-31,2017,3.295700628286714,445.0
2017-08-01,2017,0.0,426.0
2017-08-02,2017,0.0,407.0
2017-08-03,2017,5.139891724897086,388.0
2017-08-04,2017,0.18460509512027737,377.0
2017-08-05,2017,15.29319111404905,377.0
2017-08-06,2017,0.013598726048715603,367.0
2017-08-07,2017,0.0,342.0
2017-08-08,2017,0.0,320.0
2017-08-09,2017,2.6967324906853354,307.0
2017-08-10,2017,0.0,291.0
2017-08-11,2017,0.49626751668279645,278.0
2017-08-12,2017,0.05487261171553545,271.0
2017-08-13,2017,1.042471340317635,259.0
2017-08-14,2017,0.004382165614515543,241.0
2017-08-15,2017,6.834254774318379,234.0
2017-08-16,2017,0.0,233.0
2017-08-17,2017,0.0,218.0
2017-08-18,2017,3.32645222335864,213.0
2017-08-19,2017,1.6498917155205064,216.0
2017-08-20,2017,2.1577961877652796,213.0
2017-08-21,2017,0.02810191088889957,209.0
2017-08-22,2017,9.69379618213435,201.0
2017-08-23,2017,0.0,216.0
2017-08-24,2017,0.0,202.0
2017-08-25,2017,0.013630573323388009,186.0
2017-08-26,2017,0.0,173.0
2017-08-27,2017,0.0,164.0
2017-08-28,2017,0.0,157.0
2017-08-29,2017,0.0,150.0
2017-08-30,2017,0.0,142.0
2017-08-31,2017,3.2699171927324526,137.0
2017-09-01,2017,1.3166687906168069,126.0
2017-09-02,2017,0.0,116.0
2017-09-03,2017,30.97496176069709,114.0
2017-09-04,2017,0.2044394897196181,175.0
2017-09-05,2017,17.23598726236137,182.0
2017-09-06,2017,19.899273933119076,201.0
2017-09-07,2017,3.9534713295614643,273.0
2017-09-08,2017,1.7658726150632664,315.0
2017-09-09,2017,2.0670636820185715,331.0
2017-09-10,2017,0.28126751560091995,347.0
2017-09-11,2017,0.0,350.0
2017-09-12,2017,0.0,351.0
2017-09-13,2017,0.0,349.0
2017-09-14,2017,0.0,345.0
2017-09-15,2017,0.0,332.0
2017-09-16,2017,0.0,322.0
2017-09-17,2017,0.0,315.0
2017-09-18,2017,0.0,306.0
2017-09-19,2017,0.0,303.0
2017-09-20,2017,0.0,286.0
2017-09-21,2017,0.0,271.0
2017-09-22,2017,0.0,262.0
2017-09-23,2017,0.0036624204486039036,251.0
2017-09-24,2017,0.0,243.0
2017-09-25,2017,0.0,234.0
2017-09-26,2017,1.1342356695132152,227.0
2017-09-27,2017,18.095407753233697,224.0
2017-09-28,2017,0.0,209.0
2017-09-29,2017,0.0,188.0
2017-09-30,2017,0.0,178.0
2017-10-01,2017,0.0,167.0
2017-10-02,2017,0.0,155.0
2017-10-03,2017,0.0,146.0
2017-10-04,2017,24.061923543359065,146.0
2017-10-05,2017,0.34357324935003497,187.0
2017-10-06,2017,0.0,177.0
2017-10-07,2017,2.073904450911625,167.0
2017-10-08,2017,9.19184075191522,183.0
2017-10-09,2017,10.348592363345395,195.0
2017-10-10,2017,0.4788598725690868,212.0
2017-10-11,2017,0.0,206.0
2017-10-12,2017,0.0,197.0
2017-10-13,2017,1.0499363074636763,194.0
2017-10-14,2017,0.0,195.0
2017-10-15,2017,15.876522264662821,202.0
2017-10-16,2017,0.18528025444066093,231.0
2017-10-17,2017,0.0,221.0
2017-10-18,2017,0.0,214.0
2017-10-19,2017,0.06163694227565151,211.0
2017-10-20,2017,0.0,199.0
2017-10-21,2017,0.0,192.0
2017-10-22,2017,0.0,188.0
2017-10-23,2017,0.0,184.0
2017-10-24,2017,9.23025477919609,183.0
2017-10-25,2017,33.56693624994558,213.0
2017-10-26,2017,49.149573356482634,426.0
2017-10-27,2017,0.0,904.0
2017-10-28,2017,0.0,995.0
2017-10-29,2017,3.22843948367295,1150.0
2017-10-30,2017,14.798509524886017,1390.0
2017-10-31,2017,0.15297452209348297,1570.0
2017-11-01,2017,5.033980898037078,1650.0
2017-11-02,2017,10.336197488626857,1810.0
2017-11-03,2017,14.750178346208706,2160.0
2017-11-04,2017,0.0,2350.0
2017-11-05,2017,11.25091721601547,2440.0
2017-11-06,2017,5.732222913936445,2650.0
2017-11-07,2017,0.0,2730.0
2017-11-08,2017,0.0,2700.0
2017-11-09,2017,2.3418726131414913,2660.0
2017-11-10,2017,0.25812101864869924,2590.0
2017-11-11,2017,0.0,2450.0
2017-11-12,2017,0.013082802629359304,2350.0
2017-11-13,2017,0.0,2230.0
2017-11-14,2017,0.0,2120.0
2017-11-15,2017,0.0,2020.0
2017-11-16,2017,10.631828004387534,1930.0
2017-11-17,2017,0.31840764401201754,1850.0
2017-11-18,2017,4.559267522423131,1780.0
2017-11-19,2017,14.005821689678605,1810.0
2017-11-20,2017,0.0,1890.0
2017-11-21,2017,0.0,1820.0
2017-11-22,2017,4.621082811598566,1770.0
2017-11-23,2017,0.0,1710.0
2017-11-24,2017,1.091464968623629,1670.0
2017-11-25,2017,0.791929940319365,1630.0
2017-11-26,2017,1.0647706977880684,1570.0
2017-11-27,2017,0.0,1510.0
2017-11-28,2017,0.6496751593176726,1450.0
2017-11-29,2017,0.12256050916020847,1390.0
2017-11-30,2017,1.094171976587575,1320.0
2017-12-01,2017,0.0,1280.0
2017-12-02,2017,0.14697452225562208,1220.0
2017-12-03,2017,0.7900955407482804,1180.0
2017-12-04,2017,0.2729235656832339,1130.0
2017-12-05,2017,21.25543953962387,1110.0
2017-12-06,2017,0.05076433097569948,1260.0
2017-12-07,2017,0.0,1270.0
2017-12-08,2017,0.0,1230.0
2017-12-09,2017,6.429267521876438,1210.0
2017-12-10,2017,2.331891722739882,1230.0
2017-12-11,2017,0.0,1200.0
2017-12-12,2017,22.589649649941997,1180.0
2017-12-13,2017,4.8437515838890315,1240.0
2017-12-14,2017,0.0,1250.0
2017-12-15,2017,0.0,1190.0
2017-12-16,2017,0.0,1130.0
2017-12-17,2017,0.0,1080.0
2017-12-18,2017,0.45195541388479765,1040.0
2017-12-19,2017,3.4099554134781953,1010.0
2017-12-20,2017,0.09424203875397516,989.0
2017-12-21,2017,0.0,961.0
2017-12-22,2017,0.028993630555612597,932.0
2017-12-23,2017,19.99298090843638,905.0
2017-12-24,2017,0.03252229333861144,880.0
2017-12-25,2017,4.968732477753026,855.0
2017-12-26,2017,0.0,832.0
2017-12-27,2017,0.4198598736788852,811.0
2017-12-28,2017,0.0,790.0
2017-12-29,2017,0.0,771.0
2017-12-30,2017,0.004853503220969705,753.0
2017-12-31,2017,0.0,734.0
2018-01-01,2018,0.01819108288874553,715.0
2018-01-02,2018,0.0,697.0
2018-01-03,2018,0.0,681.0
2018-01-04,2018,27.42610187894979,665.0
2018-01-05,2018,1.8387515949631097,649.0
2018-01-06,2018,0.3606369427774564,635.0
2018-01-07,2018,0.8535286622347346,622.0
2018-01-08,2018,7.007573249233756,612.0
2018-01-09,2018,0.9311847124889399,604.0
2018-01-10,2018,0.9717898072710462,599.0
2018-01-11,2018,1.1063312096580578,593.0
2018-01-12,2018,28.003637022273555,590.0
2018-01-13,2018,9.851617861705222,692.0
2018-01-14,2018,0.0,882.0
2018-01-15,2018,0.0,1020.0
2018-01-16,2018,0.0,1110.0
2018-01-17,2018,0.8508853506783296,1170.0
2018-01-18,2018,0.0,1210.0
2018-01-19,2018,0.42034394781410717,1230.0
2018-01-20,2018,0.0,1240.0
2018-01-21,2018,0.0,1220.0
2018-01-22,2018,10.13459872592027,1180.0
2018-01-23,2018,26.968369417129807,1150.0
2018-01-24,2018,0.238133756199905,1120.0
2018-01-25,2018,0.0,1080.0
2018-01-26,2018,0.0,1050.0
2018-01-27,2018,0.04138853509797697,1020.0
2018-01-28,2018,0.03412738876494395,999.0
2018-01-29,2018,0.0,976.0
2018-01-30,2018,0.04292356679557117,954.0
2018-01-31,2018,2.1138407705695768,933.0
2018-02-01,2018,1.8427643335548936,913.0
2018-02-02,2018,0.7500636943135481,894.0
2018-02-03,2018,0.05553503183108179,875.0
2018-02-04,2018,12.464515977604375,858.0
2018-02-05,2018,0.7032802532053297,842.0
2018-02-06,2018,0.3874713367364328,823.0
2018-02-07,2018,14.18349683360689,803.0
2018-02-08,2018,0.0,785.0
2018-02-09,2018,0.0,770.0
2018-02-10,2018,2.5835477668008986,755.0
2018-02-11,2018,2.1005732447478422,740.0
2018-02-12,2018,0.0,726.0
2018-02-13,2018,0.0,713.0
2018-02-14,2018,0.0,699.0
2018-02-15,2018,1.2146687906259184,687.0
2018-02-16,2018,0.006719745289249595,676.0
2018-02-17,2018,1.211955411798635,664.0
2018-02-18,2018,0.0,655.0
2018-02-19,2018,0.9220764333275473,646.0
2018-02-20,2018,5.837821647619745,637.0
2018-02-21,2018,0.0,630.0
2018-02-22,2018,0.0,625.0
2018-02-23,2018,1.7795222959700663,620.0
2018-02-24,2018,0.0,629.0
2018-02-25,2018,2.8932993563876788,659.0
2018-02-26,2018,0.007452229430875296,693.0
2018-02-27,2018,1.5441401270544453,721.0
2018-02-28,2018,7.3324585902463095,737.0
2018-03-01,2018,3.2018471326038336,741.0
2018-03-02,2018,0.29792356687734367,731.0
2018-03-03,2018,0.0,703.0
2018-03-04,2018,0.0,662.0
2018-03-05,2018,0.0,626.0
2018-03-06,2018,0.0,608.0
2018-03-07,2018,1.1451656032816335,599.0
2018-03-08,2018,15.134802557100915,591.0
2018-03-09,2018,4.02684713321127,602.0
2018-03-10,2018,0.4676815288795372,612.0
2018-03-11,2018,0.5028152882943084,610.0
2018-03-12,2018,0.0,602.0
2018-03-13,2018,7.627038228284022,592.0
2018-03-14,2018,14.055878955087843,594.0
2018-03-15,2018,0.3831464950837622,626.0
2018-03-16,2018,0.0,617.0
2018-03-17,2018,0.0,584.0
2018-03-18,2018,0.0,585.0
2018-03-19,2018,0.0,587.0
2018-03-20,2018,0.0,573.0
2018-03-21,2018,0.0,565.0
2018-03-22,2018,0.0,545.0
2018-03-23,2018,0.0,538.0
2018-03-24,2018,0.47803821707749444,532.0
2018-03-25,2018,0.0,526.0
2018-03-26,2018,0.0,523.0
2018-03-27,2018,0.0,519.0
2018-03-28,2018,0.0,517.0
2018-03-29,2018,7.78178343499542,516.0
2018-03-30,2018,0.8577707012474631,540.0
2018-03-31,2018,0.0,602.0
2018-04-01,2018,0.0,679.0
2018-04-02,2018,0.0,748.0
2018-04-03,2018,4.998452251883829,808.0
2018-04-04,2018,23.619025455158987,891.0
2018-04-05,2018,0.0,966.0
2018-04-06,2018,4.3308471372932384,1030.0
2018-04-07,2018,0.9487515912409041,1080.0
2018-04-08,2018,0.0,1100.0
2018-04-09,2018,0.0,1120.0
2018-04-10,2018,0.0,1120.0
2018-04-11,2018,0.0,1140.0
2018-04-12,2018,4.456675175648586,1160.0
2018-04-13,2018,0.0,1170.0
2018-04-14,2018,0.0,1180.0
2018-04-15,2018,0.006745223011554569,1200.0
2018-04-16,2018,17.743140135601067,1250.0
2018-04-17,2018,10.010012732949226,1470.0
2018-04-18,2018,1.1940191069226356,1800.0
2018-04-19,2018,1.532853500858234,2030.0
2018-04-20,2018,0.16857961709106897,2300.0
2018-04-21,2018,0.0,2650.0
2018-04-22,2018,0.0,2980.0
2018-04-23,2018,0.0,3330.0
2018-04-24,2018,0.0,3810.0
2018-04-25,2018,18.71461145437447,4600.0
2018-04-26,2018,21.437216594720343,7090.0
2018-04-27,2018,1.693707009029996,11400.0
2018-04-28,2018,0.0,13300.0
2018-04-29,2018,9.04495545405491,13600.0
2018-04-30,2018,12.969917181950466,14800.0
2018-05-01,2018,0.0068535032603521924,16300.0
2018-05-02,2018,4.09345859630852,16000.0
2018-05-03,2018,7.7221783422360755,16600.0
2018-05-04,2018,11.00661784372512,16200.0
2018-05-05,2018,0.0,16000.0
2018-05-06,2018,0.0,15500.0
2018-05-07,2018,0.0,14300.0
2018-05-08,2018,0.0,12900.0
2018-05-09,2018,0.0,11600.0
2018-05-10,2018,0.3740573245372066,10600.0
2018-05-11,2018,0.0,9520.0
2018-05-12,2018,0.0,8610.0
2018-05-13,2018,0.0,7760.0
2018-05-14,2018,0.0,7000.0
2018-05-15,2018,0.8667452220610716,6300.0
2018-05-16,2018,0.0011082802577371336,5710.0
2018-05-17,2018,0.0,5170.0
2018-05-18,2018,0.0,4710.0
2018-05-19,2018,8.268636952539918,4300.0
2018-05-20,2018,0.06667515825314127,4000.0
2018-05-21,2018,0.0,3660.0
2018-05-22,2018,0.6771465004614561,3390.0
2018-05-23,2018,9.289955455026808,3170.0
2018-05-24,2018,5.055643298823362,2990.0
2018-05-25,2018,4.537624227013557,2820.0
2018-05-26,2018,0.0,2630.0
2018-05-27,2018,0.0,2460.0
2018-05-28,2018,0.4455668780237887,2300.0
2018-05-29,2018,0.19249044522379116,2120.0
2018-05-30,2018,0.0,1980.0
2018-05-31,2018,0.00031210191378808894,1850.0
2018-06-01,2018,1.2471783467009367,1730.0
2018-06-02,2018,0.0,1570.0
2018-06-03,2018,0.10777707046022414,1470.0
2018-06-04,2018,2.6174394928725664,1380.0
2018-06-05,2018,1.4816942624985032,1280.0
2018-06-06,2018,0.0,1190.0
2018-06-07,2018,3.62973249641953,1120.0
2018-06-08,2018,0.0,1070.0
2018-06-09,2018,0.0,993.0
2018-06-10,2018,0.0,919.0
2018-06-11,2018,0.0,862.0
2018-06-12,2018,0.0016050955434893347,813.0
2018-06-13,2018,11.217573260046114,757.0
2018-06-14,2018,13.964999988580205,834.0
2018-06-15,2018,0.0,837.0
2018-06-16,2018,0.0,785.0
2018-06-17,2018,5.060101882667299,761.0
2018-06-18,2018,6.409197458036386,769.0
2018-06-19,2018,0.0,721.0
2018-06-20,2018,2.0237324887020574,697.0
2018-06-21,2018,0.0,661.0
2018-06-22,2018,0.003764331192490022,634.0
2018-06-23,2018,0.0005796178226258345,609.0
2018-06-24,2018,3.2433248520087283,572.0
2018-06-25,2018,2.70692991810572,546.0
2018-06-26,2018,0.0,515.0
2018-06-27,2018,1.7360063681874283,495.0
2018-06-28,2018,6.438726109304246,483.0
2018-06-29,2018,11.304484039355236,512.0
2018-06-30,2018,2.0759299391773856,546.0
2018-07-01,2018,0.8490764301738873,516.0
2018-07-02,2018,0.977121018051247,506.0
2018-07-03,2018,0.0,488.0
2018-07-04,2018,0.06368152836076678,459.0
2018-07-05,2018,5.411757952088763,442.0
2018-07-06,2018,2.603242047463253,426.0
2018-07-07,2018,0.0,396.0
2018-07-08,2018,0.0,381.0
2018-07-09,2018,0.00038216559507047674,356.0
2018-07-10,2018,2.629006373654505,333.0
2018-07-11,2018,0.0,310.0
2018-07-12,2018,0.0,287.0
2018-07-13,2018,0.0,273.0
2018-07-14,2018,0.06259235690991471,267.0
2018-07-15,2018,3.9292038097787816,255.0
2018-07-16,2018,1.8446242150229217,243.0
2018-07-17,2018,13.38126113915899,249.0
2018-07-18,2018,0.0,256.0
2018-07-19,2018,0.0,234.0
2018-07-20,2018,0.0,224.0
2018-07-21,2018,0.0,213.0
2018-07-22,2018,4.174980892497263,202.0
2018-07-23,2018,2.5305859753090862,202.0
2018-07-24,2018,0.0,202.0
2018-07-25,2018,1.3137515912390059,194.0
2018-07-26,2018,27.301159251267745,253.0
2018-07-27,2018,1.6971464986381992,303.0
2018-07-28,2018,1.771656044574223,257.0
2018-07-29,2018,0.15206369398692682,237.0
2018-07-30,2018,0.0,219.0
2018-07-31,2018,0.009904458691739733,207.0
2018-08-01,2018,0.006821656048707189,200.0
2018-08-02,2018,0.12371337604056451,195.0
2018-08-03,2018,0.03549044618418642,178.0
2018-08-04,2018,2.7742356722521935,173.0
2018-08-05,2018,0.0,170.0
2018-08-06,2018,9.846159244418903,163.0
2018-08-07,2018,24.37703818424492,192.0
2018-08-08,2018,19.991490424818295,209.0
2018-08-09,2018,12.048853500633482,239.0
2018-08-10,2018,0.0,263.0
2018-08-11,2018,0.0,251.0
2018-08-12,2018,0.0,247.0
2018-08-13,2018,0.0,245.0
2018-08-14,2018,3.842210205899148,240.0
2018-08-15,2018,15.696815247748308,278.0
2018-08-16,2018,0.0,360.0
2018-08-17,2018,12.903649652080171,293.0
2018-08-18,2018,0.0,295.0
2018-08-19,2018,0.17703184636478805,283.0
2018-08-20,2018,0.0,267.0
2018-08-21,2018,0.01787261150118889,254.0
2018-08-22,2018,3.2828152863083373,248.0
2018-08-23,2018,0.0,226.0
2018-08-24,2018,0.0,211.0
2018-08-25,2018,0.0,202.0
2018-08-26,2018,0.20946496767644432,195.0
2018-08-27,2018,0.0002611465040285876,182.0
2018-08-28,2018,1.547770706254538,177.0
2018-08-29,2018,11.666184732109118,171.0
2018-08-30,2018,0.0,188.0
2018-08-31,2018,0.0,167.0
2018-09-01,2018,0.0,159.0
2018-09-02,2018,7.254324844688367,153.0
2018-09-03,2018,3.876541397374147,149.0
2018-09-04,2018,0.00025477707623296485,151.0
2018-09-05,2018,1.7432484143668678,144.0
2018-09-06,2018,0.0,144.0
2018-09-07,2018,0.0,134.0
2018-09-08,2018,0.0,120.0
2018-09-09,2018,0.06443312050994177,109.0
2018-09-10,2018,2.072770699004459,104.0
2018-09-11,2018,7.444382142109476,122.0
2018-09-12,2018,0.027127388361277902,130.0
2018-09-13,2018,0.0,122.0
2018-09-14,2018,0.0,113.0
2018-09-15,2018,0.9351719754865203,106.0
2018-09-16,2018,0.07102547730853082,101.0
2018-09-17,2018,0.5119044564080063,94.9
2018-09-18,2018,4.158006368169359,89.3
2018-09-19,2018,1.1692866231225858,85.0
2018-09-20,2018,0.33555414083051927,81.6
2018-09-21,2018,10.950121004869983,82.7
2018-09-22,2018,0.0,88.2
2018-09-23,2018,0.0,74.4
2018-09-24,2018,0.0,68.2
2018-09-25,2018,2.9718471363091923,66.6
2018-09-26,2018,18.44979626357935,79.9
2018-09-27,2018,0.0,124.0
2018-09-28,2018,0.7710318492583124,109.0
2018-09-29,2018,0.031184713347298894,101.0
2018-09-30,2018,0.35249044573539573,93.6
2018-10-01,2018,0.02742038204432554,87.9
2018-10-02,2018,1.2747452247674298,85.0
2018-10-03,2018,0.0,82.6
2018-10-04,2018,0.05270700658905871,80.6
2018-10-05,2018,0.0,73.3
2018-10-06,2018,1.1672165621617796,71.1
2018-10-07,2018,0.0,67.5
2018-10-08,2018,5.25351591474691,65.2
2018-10-09,2018,10.28083437415445,70.4
2018-10-10,2018,8.519477680230596,77.7
2018-10-11,2018,28.31413375951682,142.0
2018-10-12,2018,0.9446751577838971,268.0
2018-10-13,2018,0.0,244.0
2018-10-14,2018,0.0,247.0
2018-10-15,2018,8.594248410243138,264.0
2018-10-16,2018,0.0,287.0
2018-10-17,2018,2.986726108629992,297.0
2018-10-18,2018,0.0009235669050519918,291.0
2018-10-19,2018,0.23787898075422806,294.0
2018-10-20,2018,0.17475796225747675,296.0
2018-10-21,2018,0.0,284.0
2018-10-22,2018,0.0,273.0
2018-10-23,2018,0.007471337594139349,270.0
2018-10-24,2018,2.005789813722015,260.0
2018-10-25,2018,0.0,249.0
2018-10-26,2018,0.0,244.0
2018-10-27,2018,15.142165566705595,241.0
2018-10-28,2018,4.317745214814593,265.0
2018-10-29,2018,3.355980903429282,293.0
2018-10-30,2018,0.1563821654146905,304.0
2018-10-31,2018,0.2871783429431984,314.0
2018-11-01,2018,2.5601974581457245,327.0
2018-11-02,2018,25.998006340804373,358.0
2018-11-03,2018,12.561452255127536,544.0
2018-11-04,2018,0.0,706.0
2018-11-05,2018,0.12259872631499082,786.0
2018-11-06,2018,9.879006404026299,909.0
2018-11-07,2018,0.04764968150437685,1110.0
2018-11-08,2018,0.0,1180.0
2018-11-09,2018,5.3929808853538175,1250.0
2018-11-10,2018,6.231611455322072,1340.0
2018-11-11,2018,0.0,1370.0
2018-11-12,2018,0.10372611545293242,1360.0
2018-11-13,2018,13.365796155990308,1360.0
2018-11-14,2018,0.0,1320.0
2018-11-15,2018,0.0,1280.0
2018-11-16,2018,11.127464983873306,1250.0
2018-11-17,2018,0.0,1250.0
2018-11-18,2018,0.0,1200.0
2018-11-19,2018,0.42054139995564865,1150.0
2018-11-20,2018,2.5315796053333646,1120.0
2018-11-21,2018,0.9925796131300888,1080.0
2018-11-22,2018,0.0,1020.0
2018-11-23,2018,0.0,963.0
2018-11-24,2018,0.0,939.0
2018-11-25,2018,1.671643309532457,894.0
2018-11-26,2018,0.6767324844351524,864.0
2018-11-27,2018,19.558879026182137,853.0
2018-11-28,2018,5.597152864857084,898.0
2018-11-29,2018,0.0,888.0
2018-11-30,2018,0.0,868.0
2018-12-01,2018,0.0,843.0
2018-12-02,2018,13.935987241708549,830.0
2018-12-03,2018,2.461108283821944,845.0
2018-12-04,2018,0.4763630576384295,828.0
2018-12-05,2018,0.0,803.0
2018-12-06,2018,1.2575286626815796,759.0
2018-12-07,2018,0.029305732099392755,739.0
2018-12-08,2018,0.0,721.0
2018-12-09,2018,1.801471330557659,710.0
2018-12-10,2018,0.0,694.0
2018-12-11,2018,0.0,675.0
2018-12-12,2018,0.0,658.0
2018-12-13,2018,0.0,640.0
2018-12-14,2018,1.411324834747679,624.0
2018-12-15,2018,0.0,607.0
2018-12-16,2018,0.0,591.0
2018-12-17,2018,12.185216575671154,574.0
2018-12-18,2018,0.0,559.0
2018-12-19,2018,0.0,543.0
2018-12-20,2018,0.8013949120724218,530.0
2018-12-21,2018,47.6789107596039,607.0
2018-12-22,2018,0.60646496825721,1140.0
2018-12-23,2018,0.0,1700.0
2018-12-24,2018,0.0,1970.0
2018-12-25,2018,0.0,2170.0
2018-12-26,2018,0.0,2250.0
2018-12-27,2018,1.513089172589551,2260.0
2018-12-28,2018,9.318847109557717,2280.0
2018-12-29,2018,0.0,2290.0
2018-12-30,2018,0.0,2250.0
2018-12-31,2018,9.784904431385598,2200.0
2019-01-01,2019,9.089305753161193,2170.0
2019-01-02,2019,0.45089808746484245,2120.0
2019-01-03,2019,1.5861337545571055,2050.0
2019-01-04,2019,0.4221974533387893,1980.0
2019-01-05,2019,0.4310636934201429,1900.0
2019-01-06,2019,0.0,1810.0
2019-01-07,2019,0.20194267596423648,1730.0
2019-01-08,2019,9.971363025106442,1650.0
2019-01-09,2019,12.73268152346277,1590.0
2019-01-10,2019,0.62463057439798,1530.0
2019-01-11,2019,0.0,1470.0
2019-01-12,2019,0.0,1420.0
2019-01-13,2019,0.0,1370.0
2019-01-14,2019,0.0,1320.0
2019-01-15,2019,0.0,1260.0
2019-01-16,2019,2.156388539417534,1200.0
2019-01-17,2019,0.0,1150.0
2019-01-18,2019,1.6131146500824363,1110.0
2019-01-19,2019,2.4423057402774786,1070.0
2019-01-20,2019,25.252719709068348,999.0
2019-01-21,2019,1.2456242028315356,1030.0
2019-01-22,2019,0.0,1000.0
2019-01-23,2019,6.897363046172318,985.0
2019-01-24,2019,26.188375776740397,970.0
2019-01-25,2019,0.0,955.0
2019-01-26,2019,0.0,941.0
2019-01-27,2019,4.650038211968295,927.0
2019-01-28,2019,0.0,917.0
2019-01-29,2019,5.0252993744649705,906.0
2019-01-30,2019,7.641452242614357,895.0
2019-01-31,2019,0.0,884.0
2019-02-01,2019,0.0,874.0
2019-02-02,2019,0.9935414005237021,865.0
2019-02-03,2019,0.8771082815850616,854.0
2019-02-04,2019,0.6756242026818121,843.0
2019-02-05,2019,2.0134904445356625,832.0
2019-02-06,2019,4.196662422957694,821.0
2019-02-07,2019,2.1682101913318514,811.0
2019-02-08,2019,0.860369425312954,798.0
2019-02-09,2019,0.0,786.0
2019-02-10,2019,0.008044585941513633,776.0
2019-02-11,2019,0.0,762.0
2019-02-12,2019,7.316700636201603,748.0
2019-02-13,2019,12.463617829000874,736.0
2019-02-14,2019,0.0,725.0
2019-02-15,2019,10.000261124531935,713.0
2019-02-16,2019,0.0,700.0
2019-02-17,2019,0.013178343748211101,687.0
2019-02-18,2019,0.016668790132756447,674.0
2019-02-19,2019,0.014573248755779995,660.0
2019-02-20,2019,2.9085350317560184,649.0
2019-02-21,2019,3.783592362312754,639.0
2019-02-22,2019,0.0,629.0
2019-02-23,2019,0.0,619.0
2019-02-24,2019,20.98442033901336,610.0
2019-02-25,2019,2.380382162750147,601.0
2019-02-26,2019,0.0,590.0
2019-02-27,2019,0.0,579.0
2019-02-28,2019,0.0,570.0
2019-03-01,2019,0.0,560.0
2019-03-02,2019,0.0,552.0
2019-03-03,2019,1.619127387453796,543.0
2019-03-04,2019,3.1692101826333694,534.0
2019-03-05,2019,0.0,524.0
2019-03-06,2019,0.019407643159483647,515.0
2019-03-07,2019,0.0,507.0
2019-03-08,2019,0.0,501.0
2019-03-09,2019,0.0,493.0
2019-03-10,2019,6.1294076397160815,484.0
2019-03-11,2019,0.15490445847012055,475.0
2019-03-12,2019,0.0,468.0
2019-03-13,2019,0.0,462.0
2019-03-14,2019,0.0,457.0
2019-03-15,2019,4.199343936458515,456.0
2019-03-16,2019,0.06282165549045939,477.0
2019-03-17,2019,0.0,509.0
2019-03-18,2019,0.0,527.0
2019-03-19,2019,0.0,530.0
2019-03-20,2019,0.0,530.0
2019-03-21,2019,1.5848917175250448,558.0
2019-03-22,2019,22.138802595199294,666.0
2019-03-23,2019,0.08347133772557447,750.0
2019-03-24,2019,5.732484274561618e-05,756.0
2019-03-25,2019,0.3720318484068166,747.0
2019-03-26,2019,0.0,739.0
2019-03-27,2019,0.0,730.0
2019-03-28,2019,0.26402547949803457,721.0
2019-03-29,2019,0.9994012715330549,714.0
2019-03-30,2019,4.401414008656884,706.0
2019-03-31,2019,12.376089132515489,709.0
2019-04-01,2019,0.0,776.0
2019-04-02,2019,0.0,915.0
2019-04-03,2019,3.867840753998726,1090.0
2019-04-04,2019,0.0,1270.0
2019-04-05,2019,1.4912802539053995,1410.0
2019-04-06,2019,0.05874522281425062,1510.0
2019-04-07,2019,0.0,1600.0
2019-04-08,2019,10.163197459688611,1700.0
2019-04-09,2019,5.519732499578197,1800.0
2019-04-10,2019,0.0,1850.0
2019-04-11,2019,0.0,1870.0
2019-04-12,2019,0.0,1910.0
2019-04-13,2019,0.0,2100.0
2019-04-14,2019,7.9046751420209365,2630.0
2019-04-15,2019,4.972076425127163,3300.0
2019-04-16,2019,0.8495987253204272,4020.0
2019-04-17,2019,0.0,4460.0
2019-04-18,2019,10.855923567607904,4850.0
2019-04-19,2019,26.500878959704355,5480.0
2019-04-20,2019,13.988318455447057,7480.0
2019-04-21,2019,0.16144585901883188,10100.0
2019-04-22,2019,0.30301274042383763,12200.0
2019-04-23,2019,2.008961786889726,13600.0
2019-04-24,2019,3.4881719692497497,12800.0
2019-04-25,2019,0.0,11800.0
2019-04-26,2019,8.253980912980001,11200.0
2019-04-27,2019,17.35983437337693,12200.0
2019-04-28,2019,0.0,14300.0
2019-04-29,2019,0.0,13700.0
2019-04-30,2019,0.0,12500.0
2019-05-01,2019,0.1584649682615937,11400.0
2019-05-02,2019,0.0,10600.0
2019-05-03,2019,2.3086305735217536,9880.0
2019-05-04,2019,0.0,9360.0
2019-05-05,2019,0.12914012789067805,8980.0
2019-05-06,2019,0.45740127479019843,8630.0
2019-05-07,2019,0.11631847209605584,8270.0
2019-05-08,2019,0.0,7790.0
2019-05-09,2019,4.746885345240307,7270.0
2019-05-10,2019,15.132140183904369,6920.0
2019-05-11,2019,0.0,6870.0
2019-05-12,2019,0.0,6450.0
2019-05-13,2019,0.0,6070.0
2019-05-14,2019,3.080949046049908,5670.0
2019-05-15,2019,2.430452227639924,5320.0
2019-05-16,2019,1.3659554112489056,5020.0
2019-05-17,2019,9.968980898523027,4700.0
2019-05-18,2019,0.03763694256532249,4550.0
2019-05-19,2019,7.374764320956674,4320.0
2019-05-20,2019,9.934522276471375,4230.0
2019-05-21,2019,4.914815286162552,4310.0
2019-05-22,2019,0.0,4170.0
2019-05-23,2019,7.833388554822108,4050.0
2019-05-24,2019,0.5383248420752538,3940.0
2019-05-25,2019,5.086515941437642,3790.0
2019-05-26,2019,2.314490445100578,3670.0
2019-05-27,2019,0.0,3530.0
2019-05-28,2019,0.0,3390.0
2019-05-29,2019,0.0,3230.0
2019-05-30,2019,5.618605094350827,3090.0
2019-05-31,2019,0.0,3000.0
2019-06-01,2019,4.894687904673777,2840.0
2019-06-02,2019,8.409171976101627,2750.0
2019-06-03,2019,0.9539808883408832,2720.0
2019-06-04,2019,0.2661783437260907,2580.0
2019-06-05,2019,0.6062802532969552,2450.0
2019-06-06,2019,0.0,2310.0
2019-06-07,2019,0.061707006530112525,2170.0
2019-06-08,2019,0.0,2030.0
2019-06-09,2019,0.03471974524888833,1920.0
2019-06-10,2019,0.0,1820.0
2019-06-11,2019,14.807363054554934,1760.0
2019-06-12,2019,0.0,1740.0
2019-06-13,2019,4.112031853123075,1660.0
2019-06-14,2019,7.354292975869148,1630.0
2019-06-15,2019,3.478866252170247,1640.0
2019-06-16,2019,0.0,1580.0
2019-06-17,2019,0.0,1490.0
2019-06-18,2019,0.0,1410.0
2019-06-19,2019,4.944732479229095,1320.0
2019-06-20,2019,21.415522314180993,1280.0
2019-06-21,2019,0.026764331377336793,1420.0
2019-06-22,2019,0.0,1390.0
2019-06-23,2019,0.0,1360.0
2019-06-24,2019,0.0,1330.0
2019-06-25,2019,3.3104522402878778,1290.0
2019-06-26,2019,5.902751586239809,1240.0
2019-06-27,2019,8.234617846786596,1190.0
2019-06-28,2019,6.587477706420194,1180.0
2019-06-29,2019,6.867694260967765,1190.0
2019-06-30,2019,1.5040636991445793,1180.0
2019-07-01,2019,20.177203804064707,1190.0
2019-07-02,2019,3.214369421172294,1420.0
2019-07-03,2019,0.0036114649150140914,1450.0
2019-07-04,2019,0.0,1410.0
2019-07-05,2019,0.7630254790345563,1370.0
2019-07-06,2019,6.976121029276757,1340.0
2019-07-07,2019,0.0,1280.0
2019-07-08,2019,2.7669490436032698,1200.0
2019-07-09,2019,0.0,1120.0
2019-07-10,2019,0.0,1050.0
2019-07-11,2019,0.11015923519004849,994.0
2019-07-12,2019,0.9268980826826612,943.0
2019-07-13,2019,2.6442165572172516,874.0
2019-07-14,2019,1.7250063744029565,822.0
2019-07-15,2019,0.0,756.0
2019-07-16,2019,8.177350299373554,728.0
2019-07-17,2019,4.32282803088996,717.0
2019-07-18,2019,0.0,678.0
2019-07-19,2019,1.2531847150842095,649.0
2019-07-20,2019,0.5147770708070913,613.0
2019-07-21,2019,2.1744904404233214,580.0
2019-07-22,2019,0.0,547.0
2019-07-23,2019,0.0760828038836254,518.0
2019-07-24,2019,0.0,482.0
2019-07-25,2019,0.0,453.0
2019-07-26,2019,0.0,429.0
2019-07-27,2019,0.0,409.0
2019-07-28,2019,15.461433125149671,413.0
2019-07-29,2019,0.06854140119638982,422.0
2019-07-30,2019,10.044942671705963,404.0
2019-07-31,2019,7.004254772404956,556.0
2019-08-01,2019,0.0,466.0
2019-08-02,2019,0.8434394925831266,394.0
2019-08-03,2019,4.483942663593656,370.0
2019-08-04,2019,0.0,356.0
2019-08-05,2019,0.0,324.0
2019-08-06,2019,0.11820382151862452,309.0
2019-08-07,2019,2.7521592408988127,296.0
2019-08-08,2019,13.630668804144404,304.0
2019-08-09,2019,1.0621974544479529,338.0
2019-08-10,2019,3.317343948563193,311.0
2019-08-11,2019,0.41745859799924406,300.0
2019-08-12,2019,10.132681522969227,280.0
2019-08-13,2019,0.0038407643794254134,295.0
2019-08-14,2019,0.0,276.0
2019-08-15,2019,0.0,260.0
2019-08-16,2019,1.1575414025088309,247.0
2019-08-17,2019,4.918942664079605,246.0
2019-08-18,2019,1.1432420397926253,249.0
2019-08-19,2019,10.424471349473212,257.0
2019-08-20,2019,0.0,282.0
2019-08-21,2019,2.7574713325044913,270.0
2019-08-22,2019,0.1421082801983401,264.0
2019-08-23,2019,0.0,246.0
2019-08-24,2019,0.0,223.0
2019-08-25,2019,0.0,216.0
2019-08-26,2019,0.0,207.0
2019-08-27,2019,0.0,200.0
2019-08-28,2019,16.659038239983236,194.0
2019-08-29,2019,3.2758534915128332,236.0
2019-08-30,2019,0.16446496839382965,237.0
2019-08-31,2019,0.13602547718739955,215.0
2019-09-01,2019,1.1477197413288271,201.0
2019-09-02,2019,13.530025518623887,206.0
2019-09-03,2019,0.06983439507894218,215.0
2019-09-04,2019,10.491789796549803,223.0
2019-09-05,2019,0.19967515988328796,277.0
2019-09-06,2019,0.0,237.0
2019-09-07,2019,10.18325479471,223.0
2019-09-08,2019,0.6258025475411385,232.0
2019-09-09,2019,0.0,220.0
2019-09-10,2019,14.389847126736003,210.0
2019-09-11,2019,1.883808911606005,243.0
2019-09-12,2019,0.0,251.0
2019-09-13,2019,0.7311783439226176,244.0
2019-09-14,2019,6.0020764162586,250.0
2019-09-15,2019,0.04431847051070754,250.0
2019-09-16,2019,0.26048407539766827,238.0
2019-09-17,2019,0.0,231.0
2019-09-18,2019,0.0,224.0
2019-09-19,2019,0.0,221.0
2019-09-20,2019,0.0,217.0
2019-09-21,2019,0.0,208.0
2019-09-22,2019,0.04687898129129865,207.0
2019-09-23,2019,9.90487260879225,211.0
2019-09-24,2019,9.94710191192141,223.0
2019-09-25,2019,0.0,245.0
2019-09-26,2019,16.37254140331487,256.0
2019-09-27,2019,1.5535286687741614,319.0
2019-09-28,2019,2.507535018738668,304.0
2019-09-29,2019,0.0,299.0
2019-09-30,2019,0.12241401286146182,289.0
2019-10-01,2019,2.0280573246585334,285.0
2019-10-02,2019,0.0,277.0
2019-10-03,2019,2.16257961635377,270.0
2019-10-04,2019,0.025019108121295215,264.0
2019-10-05,2019,0.0,253.0
2019-10-06,2019,0.4577707004656268,253.0
2019-10-07,2019,7.482063697401885,261.0
2019-10-08,2019,0.0,261.0
2019-10-09,2019,0.0,252.0
2019-10-10,2019,0.0,246.0
2019-10-11,2019,0.0,241.0
2019-10-12,2019,0.3575732484815796,236.0
2019-10-13,2019,0.0,234.0
2019-10-14,2019,1.1073630539474972,231.0
2019-10-15,2019,0.0,227.0
2019-10-16,2019,0.39905095594241075,218.0
2019-10-17,2019,12.140694290209728,224.0
2019-10-18,2019,1.0293694294182358,255.0
2019-10-19,2019,0.0,251.0
2019-10-20,2019,0.0,242.0
2019-10-21,2019,0.0,235.0
2019-10-22,2019,4.842222930519444,229.0
2019-10-23,2019,52.06944590768996,505.0
2019-10-24,2019,0.0009235668879975179,750.0
2019-10-25,2019,0.0,745.0
2019-10-26,2019,0.0,806.0
2019-10-27,2019,9.929974495225652,864.0
2019-10-28,2019,0.5015668791235324,983.0
2019-10-29,2019,0.10717834405687038,1050.0
2019-10-30,2019,1.893382166221643,1080.0
2019-10-31,2019,67.74549061477563,1170.0
2019-11-01,2019,2.626184712929331,3360.0
2019-11-02,2019,0.0,3390.0
2019-11-03,2019,0.0,3240.0
2019-11-04,2019,0.4596687885606365,3130.0
2019-11-05,2019,2.5756687905378404,3040.0
2019-11-06,2019,0.15328025511187163,2950.0
2019-11-07,2019,1.8021719740454558,2810.0
2019-11-08,2019,0.4110318477366381,2660.0
2019-11-09,2019,0.0,2520.0
2019-11-10,2019,0.28145859947066254,2390.0
2019-11-11,2019,17.253904409469314,2230.0
2019-11-12,2019,10.146942667141083,2190.0
2019-11-13,2019,0.009350318460915072,2100.0
2019-11-14,2019,0.0,1990.0
2019-11-15,2019,1.6780700653221956,1890.0
2019-11-16,2019,0.0,1770.0
2019-11-17,2019,0.0,1680.0
2019-11-18,2019,8.290114676117138,1600.0
2019-11-19,2019,6.088923566660304,1570.0
2019-11-20,2019,0.0,1540.0
2019-11-21,2019,1.219980891343135,1470.0
2019-11-22,2019,6.143452249514829,1440.0
2019-11-23,2019,0.0,1390.0
2019-11-24,2019,17.06701909204957,1350.0
2019-11-25,2019,0.0,1340.0
2019-11-26,2019,0.043490445904973536,1320.0
2019-11-27,2019,4.564687886008412,1280.0
2019-11-28,2019,0.971369428414804,1230.0
2019-11-29,2019,0.0,1180.0
2019-11-30,2019,0.0,1120.0
2019-12-01,2019,0.0,1070.0
2019-12-02,2019,0.0,1030.0
2019-12-03,2019,15.59617834030443,1010.0
2019-12-04,2019,0.0,1040.0
2019-12-05,2019,0.0,1020.0
2019-12-06,2019,0.0,996.0
2019-12-07,2019,0.0,963.0
2019-12-08,2019,0.2056560503811261,941.0
2019-12-09,2019,9.279707024811179,923.0
2019-12-10,2019,0.0,1000.0
2019-12-11,2019,0.0,1070.0
2019-12-12,2019,0.014471337471341205,1070.0
2019-12-13,2019,1.91354140582358,1100.0
2019-12-14,2019,26.96889811716262,1190.0
2019-12-15,2019,0.0,1650.0
2019-12-16,2019,0.0,1760.0
2019-12-17,2019,0.0,1870.0
2019-12-18,2019,0.21402547750948295,1920.0
2019-12-19,2019,0.0,1950.0
2019-12-20,2019,0.0,1960.0
2019-12-21,2019,0.0,1940.0
2019-12-22,2019,3.4883311948958475,1900.0
2019-12-23,2019,0.006127388330004445,1830.0
2019-12-24,2019,0.0,1760.0
2019-12-25,2019,0.0,1690.0
2019-12-26,2019,0.0,1630.0
2019-12-27,2019,4.640273880806698,1570.0
2019-12-28,2019,0.0,1510.0
2019-12-29,2019,0.0,1450.0
2019-12-30,2019,2.9771273857469014,1400.0
2019-12-31,2019,7.502305732411184,1350.0
2020-01-01,2020,0.4400191056263295,1300.0
2020-01-02,2020,0.06031210207496028,1250.0
2020-01-03,2020,0.0,1200.0
2020-01-04,2020,0.6682738885743199,1160.0
2020-01-05,2020,0.053624204077437565,1110.0
2020-01-06,2020,1.1390827970140298,1070.0
2020-01-07,2020,0.0,1030.0
2020-01-08,2020,1.051292994219786,992.0
2020-01-09,2020,0.07253503199417595,955.0
2020-01-10,2020,0.21026751652336234,918.0
2020-01-11,2020,25.064452153102607,900.0
2020-01-12,2020,17.64010191267463,940.0
2020-01-13,2020,1.3506433151330157,1010.0
2020-01-14,2020,2.645503177005015,1030.0
2020-01-15,2020,0.10230573196524671,991.0
2020-01-16,2020,0.6412292996964234,949.0
2020-01-17,2020,0.0,919.0
2020-01-18,2020,4.912789806438859,897.0
2020-01-19,2020,5.599471353421546,875.0
2020-01-20,2020,0.0,853.0
2020-01-21,2020,0.0,832.0
2020-01-22,2020,0.0,810.0
2020-01-23,2020,0.0,789.0
2020-01-24,2020,0.0,768.0
2020-01-25,2020,7.668745238310213,756.0
2020-01-26,2020,8.926388530974176,754.0
2020-01-27,2020,1.6545859905564861,768.0
2020-01-28,2020,0.0,760.0
2020-01-29,2020,0.0,744.0
2020-01-30,2020,0.0,729.0
2020-01-31,2020,0.0,714.0
2020-02-01,2020,0.0,698.0
2020-02-02,2020,0.0,683.0
2020-02-03,2020,0.0,668.0
2020-02-04,2020,0.0,654.0
2020-02-05,2020,0.0,642.0
2020-02-06,2020,10.010878963834921,629.0
2020-02-07,2020,24.780426790759822,615.0
2020-02-08,2020,0.0,601.0
2020-02-09,2020,1.3812675219812212,587.0
2020-02-10,2020,1.7591082875136357,574.0
2020-02-11,2020,0.0,564.0
2020-02-12,2020,0.0,553.0
2020-02-13,2020,0.9018152861078833,543.0
2020-02-14,2020,0.0,533.0
2020-02-15,2020,0.0,522.0
2020-02-16,2020,0.47425477569670693,512.0
2020-02-17,2020,0.0,502.0
2020-02-18,2020,5.247375801110723,493.0
2020-02-19,2020,0.0,483.0
2020-02-20,2020,0.0,474.0
2020-02-21,2020,0.0,465.0
2020-02-22,2020,0.0,456.0
2020-02-23,2020,0.0,447.0
2020-02-24,2020,0.0,439.0
2020-02-25,2020,0.0,433.0
2020-02-26,2020,0.004089172039726737,426.0
2020-02-27,2020,20.84825470796816,420.0
2020-02-28,2020,0.020872611490190977,418.0
2020-02-29,2020,0.0,419.0
2020-03-01,2020,0.0,419.0
2020-03-02,2020,3.0373566803658845,420.0
2020-03-03,2020,7.606063648393959,422.0
2020-03-04,2020,5.738643304557558,430.0
2020-03-05,2020,0.0,452.0
2020-03-06,2020,0.0,489.0
2020-03-07,2020,0.0,511.0
2020-03-08,2020,0.6618471348741252,520.0
2020-03-09,2020,11.89691719128068,523.0
2020-03-10,2020,5.17271974891614,520.0
2020-03-11,2020,0.0,542.0
2020-03-12,2020,0.0,575.0
2020-03-13,2020,18.878267482587486,600.0
2020-03-14,2020,0.1723184711196027,619.0
2020-03-15,2020,0.0,625.0
2020-03-16,2020,0.0,625.0
2020-03-17,2020,3.980554132704522,621.0
2020-03-18,2020,0.0,619.0
2020-03-19,2020,1.1409681553293944,625.0
2020-03-20,2020,2.022184713251272,633.0
2020-03-21,2020,0.0,649.0
2020-03-22,2020,0.0,686.0
2020-03-23,2020,1.4094203832043204,715.0
2020-03-24,2020,0.0,731.0
2020-03-25,2020,0.0,746.0
2020-03-26,2020,5.337917192726378,759.0
2020-03-27,2020,0.24418471303210848,782.0
2020-03-28,2020,0.0,813.0
2020-03-29,2020,6.382127370044684,843.0
2020-03-30,2020,1.4696560549508235,879.0
2020-03-31,2020,0.9027834413157907,933.0
2020-04-01,2020,11.035286590551875,989.0
2020-04-02,2020,9.028980909639104,1130.0
2020-04-03,2020,0.0,1430.0
2020-04-04,2020,0.0,1770.0
2020-04-05,2020,0.3304394910432351,2130.0
2020-04-06,2020,0.0,2600.0
2020-04-07,2020,0.0,3000.0
2020-04-08,2020,0.0,3270.0
2020-04-09,2020,15.094999981533949,3440.0
2020-04-10,2020,5.068503196831721,3610.0
2020-04-11,2020,0.0,3640.0
2020-04-12,2020,0.00022292993428885558,3590.0
2020-04-13,2020,22.320929934264747,3700.0
2020-04-14,2020,0.0,4850.0
2020-04-15,2020,0.13657961715721662,5490.0
2020-04-16,2020,0.009656050662171973,5750.0
2020-04-17,2020,0.020980891515797444,5750.0
2020-04-18,2020,0.0,5650.0
2020-04-19,2020,1.1989490480939293,5570.0
2020-04-20,2020,0.0,5590.0
2020-04-21,2020,8.714904429806266,5530.0
2020-04-22,2020,0.10624840831944636,5570.0
2020-04-23,2020,0.0,5400.0
2020-04-24,2020,0.0,5210.0
2020-04-25,2020,0.0,5070.0
2020-04-26,2020,0.0,4990.0
2020-04-27,2020,0.0,4970.0
2020-04-28,2020,0.0,5100.0
2020-04-29,2020,0.025286624021234976,5350.0
2020-04-30,2020,0.39936942684502713,5700.0
2020-05-01,2020,14.385840780416112,6150.0
2020-05-02,2020,0.0,7250.0
2020-05-03,2020,8.088777083500176,7720.0
2020-05-04,2020,3.5931210229351263,7890.0
2020-05-05,2020,0.5382484076070083,7860.0
2020-05-06,2020,0.0,7620.0
2020-05-07,2020,0.0896050955041365,7320.0
2020-05-08,2020,2.2909554121600593,6990.0
2020-05-09,2020,5.237592349386519,6610.0
2020-05-10,2020,0.0,6240.0
2020-05-11,2020,3.715968150242119,5850.0
2020-05-12,2020,2.7196178318588595,5530.0
2020-05-13,2020,0.0,5220.0
2020-05-14,2020,0.0,4900.0
2020-05-15,2020,8.585305705951278,4640.0
2020-05-16,2020,0.15719108256380887,4490.0
2020-05-17,2020,0.0,4350.0
2020-05-18,2020,0.0,4200.0
2020-05-19,2020,0.0,4020.0
2020-05-20,2020,0.0,3830.0
2020-05-21,2020,0.0,3630.0
2020-05-22,2020,0.0,3410.0
2020-05-23,2020,0.0,3190.0
2020-05-24,2020,0.0,3000.0
2020-05-25,2020,0.0,2800.0
2020-05-26,2020,3.629509551130283,2610.0
2020-05-27,2020,9.851974550326158,2520.0
2020-05-28,2020,0.9209808974985069,2520.0
2020-05-29,2020,7.869955412141836,2370.0
2020-05-30,2020,5.015554131975599,2250.0
2020-05-31,2020,0.4404331206330721,2130.0
2020-06-01,2020,0.0,2000.0
2020-06-02,2020,0.009503184674622099,1870.0
2020-06-03,2020,0.0,1750.0
2020-06-04,2020,0.0,1640.0
2020-06-05,2020,2.439955417992203,1530.0
2020-06-06,2020,4.012503195720114,1430.0
2020-06-07,2020,0.8765031846750314,1360.0
2020-06-08,2020,0.0,1270.0
2020-06-09,2020,0.0,1200.0
2020-06-10,2020,8.396796139941854,1140.0
2020-06-11,2020,1.154242037208217,1160.0
2020-06-12,2020,0.6519745228112124,1070.0
2020-06-13,2020,0.11631210166427075,993.0
2020-06-14,2020,0.016636943001934818,935.0
2020-06-15,2020,0.0,883.0
2020-06-16,2020,0.0,825.0
2020-06-17,2020,0.0,777.0
2020-06-18,2020,0.0,728.0
2020-06-19,2020,0.0,680.0
2020-06-20,2020,0.0,636.0
2020-06-21,2020,1.0358598755767485,606.0
2020-06-22,2020,0.9262484098135072,571.0
2020-06-23,2020,3.998114654355368,554.0
2020-06-24,2020,3.438898069463718,557.0
2020-06-25,2020,0.0,529.0
2020-06-26,2020,0.2722547762785522,484.0
2020-06-27,2020,2.826254786199825,453.0
2020-06-28,2020,2.4155987182173844,442.0
2020-06-29,2020,0.4040891737024638,419.0
2020-06-30,2020,0.0,394.0
2020-07-01,2020,0.0,375.0
2020-07-02,2020,0.06336942615186214,354.0
2020-07-03,2020,2.9630063586708184,343.0
2020-07-04,2020,0.0,327.0
2020-07-05,2020,10.908477708032937,311.0
2020-07-06,2020,0.0,302.0
2020-07-07,2020,6.155751583302856,291.0
2020-07-08,2020,2.530726114655756,308.0
2020-07-09,2020,3.824554129128469,304.0
2020-07-10,2020,0.03876433090030981,299.0
2020-07-11,2020,2.4715414024462365,294.0
2020-07-12,2020,4.327458598811155,293.0
2020-07-13,2020,0.001764331291767822,276.0
2020-07-14,2020,0.15708917179397028,258.0
2020-07-15,2020,0.0,246.0
2020-07-16,2020,0.0,235.0
2020-07-17,2020,6.034312114594089,233.0
2020-07-18,2020,0.2125541406570916,226.0
2020-07-19,2020,8.447840742244843,217.0
2020-07-20,2020,0.0,225.0
2020-07-21,2020,0.0,206.0
2020-07-22,2020,2.30001273656347,197.0
2020-07-23,2020,0.14686624189115063,193.0
2020-07-24,2020,0.007936305608185139,183.0
2020-07-25,2020,5.559401263097289,176.0
2020-07-26,2020,1.3173566897203968,179.0
2020-07-27,2020,2.540885343616769,177.0
2020-07-28,2020,4.0511273756908,177.0
2020-07-29,2020,1.610624201156816,172.0
2020-07-30,2020,1.5184713316084757,165.0
2020-07-31,2020,1.9325095500536025,154.0
2020-08-01,2020,0.0,150.0
2020-08-02,2020,2.7834904459631367,146.0
2020-08-03,2020,3.712203817003092,151.0
2020-08-04,2020,7.835343922779059,141.0
2020-08-05,2020,0.10970700638751339,159.0
2020-08-06,2020,0.0,146.0
2020-08-07,2020,0.0,130.0
2020-08-08,2020,0.5711528693368825,124.0
2020-08-09,2020,0.0,117.0
2020-08-10,2020,0.0,110.0
2020-08-11,2020,3.57764331284602,108.0
2020-08-12,2020,0.0,110.0
2020-08-13,2020,0.0,96.9
2020-08-14,2020,0.5607388581551173,87.4
2020-08-15,2020,0.0,83.9
2020-08-16,2020,0.0,79.3
2020-08-17,2020,2.1026751560390373,77.9
2020-08-18,2020,17.893585958298605,90.4
2020-08-19,2020,0.07088534991778908,101.0
2020-08-20,2020,1.1732866247748113,86.5
2020-08-21,2020,2.672872614708676,84.2
2020-08-22,2020,0.0,80.6
2020-08-23,2020,0.07623566865511713,74.8
2020-08-24,2020,1.167433118744261,70.7
2020-08-25,2020,15.634853539193513,83.0
2020-08-26,2020,0.034605095635322485,96.3
2020-08-27,2020,0.011929936594311978,74.9
2020-08-28,2020,0.0,65.5
2020-08-29,2020,28.60489807614855,67.9
2020-08-30,2020,1.709229304911984,134.0
2020-08-31,2020,0.0,125.0
2020-09-01,2020,0.0,112.0
2020-09-02,2020,2.088496815816612,112.0
2020-09-03,2020,0.0,111.0
2020-09-04,2020,0.0,94.7
2020-09-05,2020,0.9274904468811598,87.0
2020-09-06,2020,0.7387515919121386,82.5
2020-09-07,2020,0.04469426780876816,81.2
2020-09-08,2020,1.695254779545365,85.4
2020-09-09,2020,6.662299372967641,73.7
2020-09-10,2020,0.8398152849856456,107.0
2020-09-11,2020,0.0,99.0
2020-09-12,2020,0.0008280254829271584,87.7
2020-09-13,2020,3.041821655194471,85.9
2020-09-14,2020,0.0,85.4
2020-09-15,2020,0.36762420402967316,68.2
2020-09-16,2020,0.0,65.9
2020-09-17,2020,0.0,61.8
2020-09-18,2020,0.0,53.0
2020-09-19,2020,0.0,47.6
2020-09-20,2020,0.0,42.6
2020-09-21,2020,0.0,39.1
2020-09-22,2020,0.02889808935222993,38.1
2020-09-23,2020,0.0,34.9
2020-09-24,2020,0.0,35.2
2020-09-25,2020,0.0,33.5
2020-09-26,2020,0.0,33.6
2020-09-27,2020,0.0038726113626887655,34.6
2020-09-28,2020,0.5079363065128137,36.9
2020-09-29,2020,4.219114646790134,39.2
2020-09-30,2020,13.704216568333328,62.3
2020-10-01,2020,0.010184713365705861,85.1
2020-10-02,2020,23.492515831236627,74.0
2020-10-03,2020,0.3187579614136985,118.0
2020-10-04,2020,0.0,105.0
2020-10-05,2020,0.0841337583698095,93.1
2020-10-06,2020,0.6032165610528059,90.9
2020-10-07,2020,10.418783412617483,94.8
2020-10-08,2020,0.0,103.0
2020-10-09,2020,2.883719741159184,94.5
2020-10-10,2020,16.809025515416625,106.0
2020-10-11,2020,0.0,219.0
2020-10-12,2020,0.0,181.0
2020-10-13,2020,48.147980926902434,167.0
2020-10-14,2020,1.6193630630802955,435.0
2020-10-15,2020,0.0,449.0
2020-10-16,2020,22.194038233179956,472.0
2020-10-17,2020,30.260585979291587,797.0
2020-10-18,2020,0.2538980898442886,1170.0
2020-10-19,2020,10.628363035287068,1310.0
2020-10-20,2020,5.038694284524128,1620.0
2020-10-21,2020,8.761292989086954,1850.0
2020-10-22,2020,0.5094267503316899,2050.0
2020-10-23,2020,0.725082804155269,2160.0
2020-10-24,2020,1.4867197482069587,2240.0
2020-10-25,2020,0.0,2210.0
2020-10-26,2020,9.85652864055269,2180.0
2020-10-27,2020,0.0,2200.0
2020-10-28,2020,0.01300000010583265,2170.0
2020-10-29,2020,0.0,2100.0
2020-10-30,2020,0.0,2010.0
2020-10-31,2020,0.0,1930.0
2020-11-01,2020,5.846866253834621,1860.0
2020-11-02,2020,3.842515924174315,1830.0
2020-11-03,2020,0.0,1780.0
2020-11-04,2020,0.0,1710.0
2020-11-05,2020,0.0,1650.0
2020-11-06,2020,0.0186878979342521,1590.0
2020-11-07,2020,0.0,1540.0
2020-11-08,2020,0.0,1480.0
2020-11-09,2020,0.0,1440.0
2020-11-10,2020,0.0,1390.0
2020-11-11,2020,0.01910828015615772,1340.0
2020-11-12,2020,0.0,1280.0
2020-11-13,2020,3.3796687931012195,1240.0
2020-11-14,2020,0.0,1210.0
2020-11-15,2020,17.71167521871579,1180.0
2020-11-16,2020,0.4080636935511746,1220.0
2020-11-17,2020,0.0,1200.0
2020-11-18,2020,0.0,1150.0
2020-11-19,2020,0.23908917284214715,1120.0
2020-11-20,2020,0.3426178330614878,1080.0
2020-11-21,2020,0.0,1050.0
2020-11-22,2020,8.056738833712924,1020.0
2020-11-23,2020,31.085821540492354,1140.0
2020-11-24,2020,0.0021082801806627757,1400.0
2020-11-25,2020,4.872019108693311,1450.0
2020-11-26,2020,3.879197444126105,1520.0
2020-11-27,2020,0.017178343905574957,1570.0
2020-11-28,2020,0.13712101820470754,1630.0
2020-11-29,2020,0.0,1650.0
2020-11-30,2020,26.99081526592279,1680.0
2020-12-01,2020,6.631503196278954,2660.0
2020-12-02,2020,0.35578980922823544,3730.0
2020-12-03,2020,0.0,4190.0
2020-12-04,2020,0.5981974514663979,4350.0
2020-12-05,2020,19.321503165421213,4320.0
2020-12-06,2020,5.028910825206975,4290.0
2020-12-07,2020,0.0,4180.0
2020-12-08,2020,0.0,3980.0
2020-12-09,2020,0.40457324880608325,3780.0
2020-12-10,2020,0.0,3560.0
2020-12-11,2020,0.0,3360.0
2020-12-12,2020,8.671847136916629,3160.0
2020-12-13,2020,4.644605109646062,3050.0
2020-12-14,2020,0.5944267522579261,2890.0
2020-12-15,2020,0.0,2670.0
2020-12-16,2020,0.0,2450.0
2020-12-17,2020,0.0,2280.0
2020-12-18,2020,0.0,2130.0
2020-12-19,2020,0.0,1990.0
2020-12-20,2020,2.2181465041105914,1890.0
2020-12-21,2020,0.0,1820.0
2020-12-22,2020,0.0,1730.0
2020-12-23,2020,0.10988534903035137,1640.0
2020-12-24,2020,1.237210191359186,1590.0
2020-12-25,2020,13.913280256234916,1830.0
2020-12-26,2020,2.2086878939039387,2580.0
2020-12-27,2020,0.0,2830.0
2020-12-28,2020,1.5854267519750413,3000.0
2020-12-29,2020,0.0,3060.0
2020-12-30,2020,4.920452224221199,2960.0
2020-12-31,2020,0.24873948370990384,2860.0
2021-01-01,2021,0.816797431233594,2730.0
2021-01-02,2021,8.858346948198452,2630.0
2021-01-03,2021,0.0,2530.0
2021-01-04,2021,0.0,2420.0
2021-01-05,2021,0.0,2300.0
2021-01-06,2021,0.0,2190.0
2021-01-07,2021,0.0,2090.0
2021-01-08,2021,1.9385579156268173,2000.0
2021-01-09,2021,0.0,1900.0
2021-01-10,2021,0.0,1800.0
2021-01-11,2021,0.5804859707309942,1700.0
2021-01-12,2021,0.0,1610.0
2021-01-13,2021,0.0,1540.0
2021-01-14,2021,0.0,1470.0
2021-01-15,2021,0.0,1410.0
2021-01-16,2021,14.066462067282124,1360.0
2021-01-17,2021,5.4992641947072025,1340.0
2021-01-18,2021,0.0,1300.0
2021-01-19,2021,0.0,1250.0
2021-01-20,2021,0.0,1180.0
2021-01-21,2021,1.242171947473577,1110.0
2021-01-22,2021,2.567874467296965,1040.0
2021-01-23,2021,0.1615120986310445,982.0
2021-01-24,2021,0.0,927.0
2021-01-25,2021,0.0,875.0
2021-01-26,2021,0.0,834.0
2021-01-27,2021,0.14580636641313174,801.0
2021-01-28,2021,2.2656649085366802,771.0
2021-01-29,2021,0.0,742.0
2021-01-30,2021,0.0,716.0
2021-01-31,2021,0.0,693.0
2021-02-01,2021,0.0,672.0
2021-02-02,2021,29.537561598856737,653.0
2021-02-03,2021,0.5176687765982192,635.0
2021-02-04,2021,0.3637140033452232,618.0
2021-02-05,2021,1.8355509133855248,601.0
2021-02-06,2021,0.03853757844705455,584.0
2021-02-07,2021,3.6242820647112124,570.0
2021-02-08,2021,0.007272611146757178,557.0
2021-02-09,2021,0.0,544.0
2021-02-10,2021,0.0,531.0
2021-02-11,2021,0.09198980689068047,520.0
2021-02-12,2021,0.9818553879002857,510.0
2021-02-13,2021,0.33236177551862633,500.0
2021-02-14,2021,0.452087885184083,489.0
2021-02-15,2021,5.048382686201934,479.0
2021-02-16,2021,13.305878019636603,470.0
2021-02-17,2021,0.5048490323209364,460.0
2021-02-18,2021,0.0,450.0
2021-02-19,2021,0.0,441.0
2021-02-20,2021,0.13245859589786596,432.0
2021-02-21,2021,0.0,423.0
2021-02-22,2021,2.941934321716333,414.0
2021-02-23,2021,0.011052228851654643,406.0
2021-02-24,2021,3.463870616475488,400.0
2021-02-25,2021,0.003856050869587892,395.0
2021-02-26,2021,0.0,390.0
2021-02-27,2021,9.569015047352785,385.0
2021-02-28,2021,0.014268789588507845,380.0
2021-03-01,2021,10.335744353616313,376.0
2021-03-02,2021,0.9144369221417008,372.0
2021-03-03,2021,0.0,367.0
2021-03-04,2021,0.010572611194127684,364.0
2021-03-05,2021,0.0,360.0
2021-03-06,2021,0.0,356.0
2021-03-07,2021,0.0,352.0
2021-03-08,2021,1.0814585696333414,348.0
2021-03-09,2021,2.5371502440446503,344.0
2021-03-10,2021,0.6258553980262416,340.0
2021-03-11,2021,0.48169361947068745,337.0
2021-03-12,2021,0.0,335.0
2021-03-13,2021,0.18616687460445835,343.0
2021-03-14,2021,0.08189299155992848,361.0
2021-03-15,2021,0.0,395.0
2021-03-16,2021,0.0,432.0
2021-03-17,2021,0.0,470.0
2021-03-18,2021,0.0,497.0
2021-03-19,2021,0.0,507.0
2021-03-20,2021,0.0,498.0
2021-03-21,2021,0.0,482.0
2021-03-22,2021,0.0,473.0
2021-03-23,2021,0.0,483.0
2021-03-24,2021,2.1748553681525453,547.0
2021-03-25,2021,1.1766521981946982,728.0
2021-03-26,2021,28.835378221645477,1140.0
2021-03-27,2021,0.4637528551758377,2040.0
2021-03-28,2021,16.523637133798783,2910.0
2021-03-29,2021,2.1990260590033928,3400.0
2021-03-30,2021,0.0,3580.0
2021-03-31,2021,9.092288302767809,3700.0
2021-04-01,2021,13.22153850725502,4090.0
2021-04-02,2021,0.0,4420.0
2021-04-03,2021,0.0,4460.0
2021-04-04,2021,15.623174120666116,4530.0
2021-04-05,2021,1.9894126801733758,4600.0
2021-04-06,2021,1.2890541121930146,4650.0
2021-04-07,2021,0.0,4840.0
2021-04-08,2021,0.0,5190.0
2021-04-09,2021,0.0,5610.0
2021-04-10,2021,0.07179999814048457,5960.0
2021-04-11,2021,0.0,6100.0
2021-04-12,2021,0.0,6080.0
2021-04-13,2021,0.0,5940.0
2021-04-14,2021,0.0,5700.0
2021-04-15,2021,0.0,5390.0
2021-04-16,2021,0.0,5050.0
2021-04-17,2021,0.43592228071325145,4730.0
2021-04-18,2021,0.015942037931590037,4440.0
2021-04-19,2021,0.0,4150.0
2021-04-20,2021,1.7956458170702503,3870.0
2021-04-21,2021,21.77746380362541,3650.0
2021-04-22,2021,7.13317561908892,3520.0
2021-04-23,2021,0.0,3340.0
2021-04-24,2021,0.0,3210.0
2021-04-25,2021,4.38060689883627,3140.0
2021-04-26,2021,3.413078268622137,3090.0
2021-04-27,2021,0.0,3020.0
2021-04-28,2021,0.0,2940.0
2021-04-29,2021,0.16793184292912008,2820.0
2021-04-30,2021,7.832062891334485,2730.0
2021-05-01,2021,0.0,2690.0
2021-05-02,2021,0.0,2600.0
2021-05-03,2021,0.0,2480.0
2021-05-04,2021,0.8193617651272775,2360.0
2021-05-05,2021,18.473902690182825,2280.0
2021-05-06,2021,2.134185936040939,2380.0
2021-05-07,2021,0.0,2360.0
2021-05-08,2021,0.0,2310.0
2021-05-09,2021,0.0,2230.0
2021-05-10,2021,0.33326814570953583,2160.0
2021-05-11,2021,6.650646958381507,2090.0
2021-05-12,2021,0.2217891661281205,2030.0
2021-05-13,2021,0.10999999704450417,1960.0
2021-05-14,2021,0.0,1890.0
2021-05-15,2021,0.600863043281137,1820.0
2021-05-16,2021,3.532941936165284,1740.0
2021-05-17,2021,1.6052324441587849,1680.0
2021-05-18,2021,0.0321012730984563,1600.0
2021-05-19,2021,0.0,1530.0
2021-05-20,2021,0.8890916950760445,1480.0
2021-05-21,2021,2.0463776512510456,1410.0
2021-05-22,2021,8.892094663753632,1360.0
2021-05-23,2021,4.044140029105411,1340.0
2021-05-24,2021,0.0,1330.0
2021-05-25,2021,8.156613799417094,1290.0
2021-05-26,2021,3.060281451720341,1280.0
2021-05-27,2021,0.0,1220.0
2021-05-28,2021,0.0,1150.0
2021-05-29,2021,0.0,1100.0
2021-05-30,2021,11.723488236688505,1050.0
2021-05-31,2021,7.620030366691055,1080.0
2021-06-01,2021,0.0,1100.0
2021-06-02,2021,0.0,1070.0
2021-06-03,2021,1.326457293170273,1050.0
2021-06-04,2021,1.2152139859594357,1020.0
2021-06-05,2021,4.038368683332091,987.0
2021-06-06,2021,0.0,955.0
2021-06-07,2021,0.0,922.0
2021-06-08,2021,0.6243407519394828,880.0
2021-06-09,2021,0.0,818.0
2021-06-10,2021,0.0,749.0
2021-06-11,2021,0.0,714.0
2021-06-12,2021,0.0,667.0
2021-06-13,2021,0.0,621.0
2021-06-14,2021,1.6397101507065401,596.0
2021-06-15,2021,17.588091832057685,584.0
2021-06-16,2021,2.334229879698176,617.0
2021-06-17,2021,0.7005694092838628,586.0
2021-06-18,2021,2.135508874039741,567.0
2021-06-19,2021,1.8383630151581611,559.0
2021-06-20,2021,0.0,529.0
2021-06-21,2021,5.2906342498056445,513.0
2021-06-22,2021,7.500248228668407,502.0
2021-06-23,2021,0.0,473.0
2021-06-24,2021,0.0,457.0
2021-06-25,2021,0.0,436.0
2021-06-26,2021,8.324832269340563,417.0
2021-06-27,2021,6.184846947147588,425.0
2021-06-28,2021,0.7072579451112943,436.0
2021-06-29,2021,6.3113960217518414,410.0
2021-06-30,2021,9.55638571149984,428.0
2021-07-01,2021,4.140127325655928e-05,433.0
2021-07-02,2021,0.0,405.0
2021-07-03,2021,0.0,380.0
2021-07-04,2021,0.0,357.0
2021-07-05,2021,0.0,338.0
2021-07-06,2021,1.9781292531740182,330.0
2021-07-07,2021,0.0,306.0
2021-07-08,2021,8.312062834478487,291.0
2021-07-09,2021,2.9643477009739847,300.0
2021-07-10,2021,0.0,278.0
2021-07-11,2021,0.3634413915914691,270.0
2021-07-12,2021,0.0,256.0
2021-07-13,2021,0.13048598381032972,246.0
2021-07-14,2021,5.441229180165917,244.0
2021-07-15,2021,0.5011936183588781,235.0
2021-07-16,2021,0.5027585861432161,227.0
2021-07-17,2021,0.0,213.0
2021-07-18,2021,0.0,206.0
2021-07-19,2021,0.02320445786307382,202.0
2021-07-20,2021,0.8677439250490943,189.0
2021-07-21,2021,12.343213713093169,184.0
2021-07-22,2021,1.608291675330727,190.0
2021-07-23,2021,6.176169904174318,190.0
2021-07-24,2021,0.0,190.0
2021-07-25,2021,6.475066079455576,189.0
2021-07-26,2021,2.56847955960377,187.0
2021-07-27,2021,0.0,173.0
2021-07-28,2021,0.0,160.0
2021-07-29,2021,3.8822495808267288,152.0
2021-07-30,2021,2.2275668229836567,150.0
2021-07-31,2021,0.0,140.0
2021-08-01,2021,4.989897949680401,135.0
2021-08-02,2021,7.5765972729701145,139.0
2021-08-03,2021,0.8116146289661177,144.0
2021-08-04,2021,0.3155891649947045,137.0
2021-08-05,2021,0.16163884917612242,136.0
2021-08-06,2021,0.0,137.0
2021-08-07,2021,0.8870840504391795,132.0
2021-08-08,2021,0.0,124.0
2021-08-09,2021,0.15833120540271597,121.0
2021-08-10,2021,0.0,121.0
2021-08-11,2021,0.010576432895406215,119.0
2021-08-12,2021,5.328903699234413,116.0
2021-08-13,2021,0.04656624045240794,118.0
2021-08-14,2021,8.592757115698165,131.0
2021-08-15,2021,0.0,132.0
2021-08-16,2021,0.0,119.0
2021-08-17,2021,0.0,115.0
2021-08-18,2021,0.0,112.0
2021-08-19,2021,0.0,106.0
2021-08-20,2021,0.0,98.9
2021-08-21,2021,0.0,92.1
2021-08-22,2021,0.5605604960078931,91.9
2021-08-23,2021,4.146827290012578,88.5
2021-08-24,2021,0.13413056849882415,87.2
2021-08-25,2021,0.5294579505172609,82.4
2021-08-26,2021,0.569048393879028,78.7
2021-08-27,2021,0.0,66.2
2021-08-28,2021,0.0,56.3
2021-08-29,2021,1.8270802095437506,55.1
2021-08-30,2021,9.860557708011312,61.4
2021-08-31,2021,0.0,60.6
2021-09-01,2021,0.0,50.7
2021-09-02,2021,5.303280101460256,45.9
2021-09-03,2021,1.080085956366958,43.8
2021-09-04,2021,0.0,39.4
2021-09-05,2021,13.66087354672183,38.2
2021-09-06,2021,14.60813016648505,57.2
2021-09-07,2021,0.2118197397349675,68.4
2021-09-08,2021,2.4614782781357976,70.3
2021-09-09,2021,17.508254956287942,70.1
2021-09-10,2021,3.097403101860338,82.5
2021-09-11,2021,2.1791980359584664,86.3
2021-09-12,2021,4.400552123974842,90.3
2021-09-13,2021,0.0,83.7
2021-09-14,2021,21.481570116273918,75.4
2021-09-15,2021,8.566016953462249,165.0
2021-09-16,2021,0.0002789808923651458,187.0
2021-09-17,2021,0.11691018806568015,167.0
2021-09-18,2021,4.750103696136717,166.0
2021-09-19,2021,0.20199489981606367,155.0
2021-09-20,2021,0.0,149.0
2021-09-21,2021,0.0,148.0
2021-09-22,2021,0.0,147.0
2021-09-23,2021,0.0,144.0
2021-09-24,2021,18.989015427364667,142.0
2021-09-25,2021,22.12768985359532,176.0
2021-09-26,2021,36.34827028869823,343.0
2021-09-27,2021,3.184970624127965,494.0
2021-09-28,2021,0.009761783211331839,495.0
2021-09-29,2021,0.9462006108651447,518.0
2021-09-30,2021,1.80555473315488,546.0
2021-10-01,2021,1.4346343609178143,576.0
2021-10-02,2021,0.0,594.0
2021-10-03,2021,0.0,595.0
2021-10-04,2021,0.0,593.0
2021-10-05,2021,0.0,588.0
2021-10-06,2021,0.0,577.0
2021-10-07,2021,0.0,568.0
2021-10-08,2021,0.0,554.0
2021-10-09,2021,0.0,541.0
2021-10-10,2021,0.0,525.0
2021-10-11,2021,0.0,508.0
2021-10-12,2021,0.0,495.0
2021-10-13,2021,0.6563827849888972,483.0
2021-10-14,2021,0.0,469.0
2021-10-15,2021,3.0318725314109947,463.0
2021-10-16,2021,26.36533489348782,464.0
2021-10-17,2021,7.260888360867835,585.0
2021-10-18,2021,0.160559868441515,652.0
2021-10-19,2021,1.1923458319940385,670.0
2021-10-20,2021,0.0029942674330987367,691.0
2021-10-21,2021,2.0717094992376435,712.0
2021-10-22,2021,1.619603782322756,734.0
2021-10-23,2021,0.0,730.0
2021-10-24,2021,0.012959872405074395,711.0
2021-10-25,2021,0.0,700.0
2021-10-26,2021,0.0,684.0
2021-10-27,2021,0.0,657.0
2021-10-28,2021,0.0,636.0
2021-10-29,2021,0.0,616.0
2021-10-30,2021,11.784855113667287,598.0
2021-10-31,2021,24.831471352060888,766.0
2021-11-01,2021,0.2523031790648471,941.0
2021-11-02,2021,0.04373311954194525,976.0
2021-11-03,2021,0.0,1010.0
2021-11-04,2021,0.0,1030.0
2021-11-05,2021,0.0,1030.0
2021-11-06,2021,0.0,1020.0
2021-11-07,2021,0.0,1000.0
2021-11-08,2021,0.0,979.0
2021-11-09,2021,0.0,955.0
2021-11-10,2021,0.00282420375633534,931.0
2021-11-11,2021,0.0,901.0
2021-11-12,2021,15.268957605787143,900.0
2021-11-13,2021,5.312118335893959,985.0
2021-11-14,2021,0.9103566618861666,991.0
2021-11-15,2021,8.567248210785495,1010.0
2021-11-16,2021,0.17834521714834478,1020.0
2021-11-17,2021,4.0025011733838705,1010.0
2021-11-18,2021,6.783181986231713,1030.0
2021-11-19,2021,0.4659617717087174,1080.0
2021-11-20,2021,0.0,1070.0
2021-11-21,2021,4.931609436205238,1070.0
2021-11-22,2021,4.72556930894305,1110.0
2021-11-23,2021,0.0,1150.0
2021-11-24,2021,0.0,1130.0
2021-11-25,2021,0.0,1140.0
2021-11-26,2021,16.47756711996285,1160.0
2021-11-27,2021,0.3346598626864825,1190.0
2021-11-28,2021,0.0,1180.0
2021-11-29,2021,0.0,1150.0
2021-11-30,2021,0.0,1120.0
2021-12-01,2021,0.4034401169272917,1080.0
2021-12-02,2021,5.3356011384611675,1070.0
2021-12-03,2021,0.023763693568065382,1050.0
2021-12-04,2021,0.5771063555115062,1010.0
2021-12-05,2021,4.307092244458047,978.0
2021-12-06,2021,22.662866920422598,993.0
2021-12-07,2021,0.0,1080.0
2021-12-08,2021,0.006819744962178598,1070.0
2021-12-09,2021,0.0,1060.0
2021-12-10,2021,1.146312071259614,1050.0
2021-12-11,2021,13.438551902770996,1060.0
2021-12-12,2021,0.0,1130.0
2021-12-13,2021,0.0017070062903414486,1140.0
2021-12-14,2021,0.0,1140.0
2021-12-15,2021,4.48664576232813,1130.0
2021-12-16,2021,2.862097377989702,1140.0
2021-12-17,2021,0.0,1160.0
2021-12-18,2021,3.5944432225196983,1150.0
2021-12-19,2021,0.9701853261631765,1150.0
2021-12-20,2021,0.637485334068347,1150.0
2021-12-21,2021,0.0,1140.0
2021-12-22,2021,14.028154433912531,1120.0
2021-12-23,2021,0.0,1130.0
2021-12-24,2021,0.0,1120.0
2021-12-25,2021,0.0,1070.0
2021-12-26,2021,0.0,1020.0
2021-12-27,2021,0.0,989.0
2021-12-28,2021,3.7118247512039866,972.0
2021-12-29,2021,0.018728024791926146,947.0
2021-12-30,2021,0.0,928.0
2021-12-31,2021,0.030012737786297976,902.0
