year,month,ppt,tmean,tmax,tmin,tdmean,vpdmax,vpdmin,Q,PET
1980,1,336.0515999,4.622550201,8.745249987,0.5008,-3.860549951,6.400100017,1.615999997,423.6129032,19.27244864
1980,2,418.1618988,5.514000213,10.94060006,0.088349989,-5.08145001,8.78264997,1.898049998,1685.965517,29.87276632
1980,3,154.3328499,4.030850166,9.760900021,-1.698250012,-5.708049971,8.08755002,1.454299992,609.1612903,58.05409902
1980,4,19.93684988,8.772800493,16.2754498,1.271500015,-5.28574992,15.16410003,2.414799976,236.5333333,115.3922553
1980,5,26.09090016,8.761500382,15.23099985,2.293150005,0.081100018,11.65045004,1.135849994,174.2903226,116.8885749
1980,6,0,15.53665071,24.01140003,7.062999988,-3.979750016,26.19169989,5.411449981,57.33333333,185.0322638
1980,7,12.32735009,21.24310102,28.9194499,13.56794991,2.958250007,33.29235001,7.271550012,24.58064516,202.2322571
1980,8,1.095799975,18.81825085,27.35354977,10.28429997,1.655099994,29.63504982,4.816400027,13.10645161,189.652528
1980,9,0,17.0563508,25.50950003,8.604150057,-0.291849977,26.77139997,4.574500012,9.606666667,147.9355637
1980,10,15.06614996,12.60410066,19.90165005,5.307399982,-4.305599982,21.12359991,4.346449995,10.56774194,92.63604019
1980,11,0.046450001,8.063200402,15.40290027,0.724200004,-10.40329998,15.56910005,3.628649986,14.9,60.12249688
1980,12,20.38224988,6.664600325,12.66245008,0.667600013,-8.293949986,11.36119995,3.250150013,16.74193548,43.22728065
1981,1,84.24040051,5.331950223,11.44425001,-0.779550012,-4.063349986,8.88870008,1.260699984,19.25806452,42.59855812
1981,2,38.92790022,4.617500234,11.38835006,-2.152849985,-7.947850001,10.27280002,1.568900001,24,53.80514118
1981,3,100.0561491,4.548700213,10.6618,-1.563300028,-3.415649979,7.730149984,0.739249998,50.51612903,66.14720705
1981,4,22.32810003,9.849400449,17.44059987,2.259750016,-3.71370001,15.4430501,2.291400027,29.93333333,121.1247363
1981,5,11.60550004,12.25425062,19.92894993,4.580899984,-1.340349999,17.21530008,2.921399999,13.25806452,152.9613135
1981,6,0,19.68790073,28.69435005,10.68299997,-0.778999992,33.60900011,5.829999995,5.906666667,218.5126881
1981,7,2.321349991,20.36990108,28.3309001,12.41024995,0.939200004,31.54410038,6.897349977,2.24516129,204.4182447
1981,8,7.766249946,21.45840101,29.95115004,12.96694999,2.313699995,34.86605024,7.652900052,1.477419355,202.113371
1981,9,0,17.54165092,25.75490017,9.32994988,1.393500014,26.40254993,4.712649989,3.546666667,146.7932138
1981,10,20.39635019,9.510950422,16.51295009,2.510399997,-4.382250011,14.20539989,2.693150008,4.412903226,80.06616834
1981,11,47.17134981,7.805000329,14.44339995,1.167700002,-5.216999948,12.25744996,2.569550002,6.553333333,53.29018258
1981,12,11.01704995,7.353500366,14.83674998,-0.128700009,-6.209300065,12.71960006,2.255350029,8.825806452,53.11574502
1982,1,169.3476013,1.878200081,7.47889998,-3.721700038,-7.656499982,6.806049967,1.207399994,18,30.82471102
1982,2,56.13964949,4.715800202,10.64579997,-1.213050014,-5.343599987,8.668099928,1.479349995,84,47.98379722
1982,3,247.5986984,3.962000179,9.622299933,-1.697299973,-4.416599989,7.470850039,1.002949995,131.2258065,51.84429753
1982,4,58.70220022,7.724700379,15.03440008,0.416049997,-4.306750053,12.1651,1.720599991,341.4666667,105.7475885
1982,5,12.14800003,11.38065057,18.98430018,3.778250015,-2.090050007,15.78639984,2.027399987,67.61290323,147.289362
1982,6,2.36689999,14.5360507,23.10690002,5.966350019,-1.580800019,22.07759991,3.079400027,17.13333333,180.6518495
1982,7,15.62969997,18.48350086,26.71605015,10.25229988,2.245999996,27.66404991,4.436150002,6.783870968,197.6113693
1982,8,15.33624994,19.59760084,27.19124985,12.00530009,3.012149976,27.77150021,5.238750029,3.303225806,175.7335619
1982,9,76.29864988,16.1535008,23.34110003,8.967400002,1.031199974,22.66969986,4.000699985,2.723333333,120.9415338
1982,10,13.50475004,10.3489006,16.84225001,3.856700008,-7.31414994,15.45560012,3.476900005,6.361290323,78.30529642
1982,11,134.6601009,5.030200231,10.9848,-0.923599991,-8.727099967,9.723800039,2.092549998,64.28,40.23167836
1982,12,141.8453987,3.217300141,8.740599966,-2.305099978,-9.069850039,7.739499974,1.743000025,117.2580645,30.9315719
1983,1,169.9188488,4.135400164,9.826250005,-1.554200006,-7.944550037,8.50504992,1.880350006,142.9032258,35.00663081
1983,2,147.2518991,4.248150206,9.745350003,-1.248099983,-4.928299969,7.35739994,1.210399997,353.5357143,40.4583688
1983,3,257.3202003,4.560550213,9.448949957,-0.326800025,-2.180849969,5.514799976,0.554649998,1041,44.96222044
1983,4,97.90280151,4.630250168,10.70425,-1.442700008,-5.595150054,7.949699974,0.938450006,368.1666667,77.1497638
1983,5,9.115400076,11.96025057,20.07994995,3.841949984,-4.184550051,18.65820003,2.878550017,235.0967742,158.3423141
1983,6,0.33595,15.26645079,23.98370028,6.550449991,-1.980800039,22.80684977,3.624699986,58.43333333,187.4383197
1983,7,0,18.7018508,27.07444992,10.33079996,1.016600002,28.92684994,4.694699991,19.5483871,203.197517
1983,8,71.82404938,19.01070099,26.63030005,11.39239995,4.85430001,25.64144993,3.274499989,29.18064516,167.2527875
1983,9,50.5436491,17.83715081,25.00880022,10.66665003,3.650950003,23.57205,3.716649985,9.793333333,129.1279109
1983,10,68.04134998,10.97285047,17.21615,4.730900007,-0.600800008,13.38909998,2.054500008,42,74.46797199
1983,11,112.6947994,6.396350288,11.88899999,0.904900007,-4.346500024,8.698699927,1.654800004,34.16666667,40.63869198
1983,12,126.4556999,5.009850228,10.17445009,-0.153950005,-4.879250017,7.021700025,1.602400005,165.7741935,32.21098091
1984,1,3.745499963,4.80510025,10.60780005,-0.996749991,-8.804949975,8.986350012,2.172949976,40.38709677,42.63735409
1984,2,4.423899975,4.886750221,11.38130007,-1.606950005,-12.04384999,10.70799999,2.29379999,21.72413793,54.06779418
1984,3,8.922499943,7.490700316,14.99575005,-0.013649988,-7.036249971,12.6825501,1.823199987,17.77419355,94.71308738
1984,4,15.70395003,8.156750345,15.72499995,0.589450003,-6.335599935,13.87065001,1.864900011,16.46666667,113.69688
1984,5,0,15.61840072,24.59404993,6.644200063,-2.257899972,25.50594997,3.957249999,8.15483871,193.4750207
1984,6,0.796799999,16.28935075,24.71050005,7.869749999,-0.513449994,24.55900002,3.728849995,3.383333333,188.3160958
1984,7,110.3942989,20.18040113,27.3958499,12.96634998,7.61370008,24.22694988,3.334499991,3.312903226,175.3175901
1984,8,30.74769967,20.1225008,27.39610004,12.85024996,6.18744998,25.71199999,4.87895,4.1,170.7085937
1984,9,14.71045007,18.77045088,26.01730013,11.52495003,4.6671,27.35870018,4.701499963,3.313333333,136.9056415
1984,10,9.474300092,9.725150585,16.64944997,2.802150008,-4.600599985,12.5236001,2.158899969,5.148387097,80.61954813
1984,11,62.31545,4.969650233,10.15654995,-0.216299988,-7.732800102,8.763199973,2.300250018,8.723333333,38.18583495
1984,12,192.9383495,1.457800064,6.41224997,-3.496449992,-7.498299956,5.534500003,1.042749992,56.43225806,24.06448664
1985,1,42.88710041,1.998900114,6.961300063,-2.962999991,-8.998500013,6.466799974,1.484550005,35.16129032,31.74078759
1985,2,39.03580008,3.387150139,9.798350048,-3.023100019,-9.074299932,9.278149986,1.678000003,42.89285714,48.60011992
1985,3,69.79924974,4.189200199,10.54504995,-2.165849977,-6.216150045,8.321550012,1.143599996,54.64516129,68.86576749
1985,4,6.935799944,10.82920046,18.89565001,2.763950007,-4.151800001,16.86980009,2.330649984,48.73333333,132.777165
1985,5,0.652899993,13.07875051,21.82895021,4.329749972,-4.407099969,21.10670013,3.037949979,11.67419355,174.9351758
1985,6,3.967800004,18.2009006,27.19385014,9.209300065,-1.338250011,31.24975004,5.676749992,4.07,208.9865543
1985,7,30.96394968,21.10435104,29.06745024,13.14254994,2.852200027,32.56605024,6.756750059,1.046774194,204.9570018
1985,8,0,19.74670105,28.57560005,10.91919999,-0.10345,33.22955027,5.876399994,0.356129032,199.7542873
1985,9,32.23310001,14.01270065,21.38614998,6.640300012,-1.359799987,20.30965023,2.92725004,1.375666667,118.9351557
1985,10,21.84865003,11.44705057,18.79525023,4.099999994,-2.696299997,16.57939997,2.393700004,2.974193548,89.09847149
1985,11,158.6344997,5.111500239,10.34359994,-0.119650014,-5.279499978,8.094799948,1.568550003,39.46,35.05726415
1985,12,31.98200016,4.633400226,10.75939999,-1.491600023,-9.535900068,9.556750035,2.261749995,20.90322581,39.80701046
1986,1,56.85064979,7.656950378,14.66064992,0.65435001,-6.034699988,12.06989999,2.067700011,36.2516129,53.66239
1986,2,163.1346497,5.039800215,10.36199999,-0.281450015,-3.441699982,7.399549961,1.116149995,274.4285714,40.05759968
1986,3,149.1905991,7.225650406,13.85765004,0.594849994,-3.268950009,11.15575004,1.575999999,117.1612903,76.58173814
1986,4,23.34389987,8.755050397,15.92920008,1.582199997,-4.688899988,14.34629989,2.620350009,51.6,111.1387954
1986,5,0,13.00530071,21.33420019,4.677350026,-3.841949973,21.71359997,4.631500006,15.48064516,168.1441682
1986,6,0,17.89290085,27.3199501,8.467199993,-1.272749975,30.59460001,5.275800014,4.086666667,215.1590988
1986,7,5.195800042,18.76745071,26.10665007,11.42955008,2.813950036,26.29694986,5.838600016,1.263225806,183.5668597
1986,8,16.68750023,21.53380108,29.37949963,13.68969998,4.646400023,31.75240021,7.405800033,0.992903226,189.58217
1986,9,104.4299507,12.97065077,19.73310013,6.209449983,-2.057300013,17.84305019,3.885500014,3.05,101.8512957
1986,10,12.68710005,10.13920045,16.90844989,3.371649994,-2.77875004,13.86540012,2.626249999,4.835483871,80.27815376
1986,11,31.87364969,7.737700415,13.42879992,2.047900026,-5.133099985,10.59745002,2.498900008,8.143333333,47.62327376
1986,12,38.93745003,3.991050202,8.939250016,-0.956100011,-8.913450074,8.00265007,2.396099985,8.993548387,32.41789508
1987,1,87.09290066,2.109750084,7.740450048,-3.520350019,-10.01110005,7.595449996,1.589550006,17.2516129,33.95306633
1987,2,53.2343998,3.098550144,8.364900017,-2.166849989,-7.946350026,7.853649974,1.831699997,11.35714286,40.45061021
1987,3,79.9633502,4.164750206,10.08495009,-1.754499999,-5.853649938,8.295499992,1.37299999,69.29032258,64.34542237
1987,4,15.47315018,11.28905056,19.49235001,3.087200005,-3.512700021,18.177,2.300150013,33.5,136.047152
1987,5,7.953200048,11.66325054,18.56219988,4.765899962,0.597849989,14.41410012,1.805750018,8.751612903,138.4442186
1987,6,2.263200018,17.53720083,25.82789974,9.248249912,-0.515550013,27.0757,4.612900043,2.641,192.9079909
1987,7,8.708399987,17.72730079,25.51314993,9.942849994,-0.151800007,25.63879995,4.723850012,0.654193548,186.0540619
1987,8,11.82784996,19.35750093,27.22455015,11.49169989,1.137250023,29.13675013,6.485599947,0.531935484,179.7763846
1987,9,22.63059993,16.94340067,24.69614992,9.192099977,-0.329099998,24.93809986,4.91444999,1.243,136.1737096
1987,10,97.74059982,12.94375062,19.51099997,6.377949941,0.767150003,16.31559992,3.067349952,7.34516129,81.17986388
1987,11,78.26715031,5.671700191,10.97434993,0.370349968,-4.206399969,8.348000002,1.781449997,22.62333333,39.51525242
1987,12,76.83394966,1.343150051,6.278600025,-3.592150006,-7.573000073,6.01415,1.257599998,12.41935484,27.19882458
1988,1,78.40365047,3.676400185,9.919300032,-2.565749986,-7.724050045,8.433049965,1.7088,33.06451613,40.32974264
1988,2,26.10585002,5.787350309,12.8818501,-1.30625,-8.679949927,11.54395008,2.159249997,26.34482759,59.3533478
1988,3,22.51039991,7.107300401,14.52425008,-0.308650007,-7.349049997,13.00775003,2.156150001,32.70967742,91.59225331
1988,4,87.83019905,8.352600479,14.98069992,1.726149984,-3.951800057,12.97595015,2.662999988,45.03333333,98.06159209
1988,5,10.97059997,11.91525064,19.74205008,4.089749998,-4.248550017,18.09400005,4.195950007,18.43548387,153.5411104
1988,6,0.01715,15.64315081,24.04494972,7.242700005,0.306549982,24.2654501,4.263999987,5.116666667,184.4189795
1988,7,0.035100001,20.410501,28.45144968,12.37139988,5.220749986,29.96510038,5.366450024,0.696774194,206.4742741
1988,8,23.81819997,19.14220095,26.76414995,11.52149997,4.10774999,26.51260004,5.272450042,0.647096774,173.1276051
1988,9,5.106950015,16.62800083,24.4763999,8.78094995,0.207149999,25.61020012,5.907700014,1.202,137.6398761
1988,10,0,14.8682507,22.03790016,7.699800038,-0.942049993,21.1600502,4.962099981,1.043870968,99.34857404
1988,11,47.60280027,7.462450361,13.17670007,1.74920003,-4.336249942,10.92289996,2.519599998,3.52,46.6139845
1988,12,128.7724497,2.3771501,7.505200028,-2.750349987,-8.896449971,8.422799945,1.91639998,13.7483871,28.10864627
1989,1,38.12385025,1.314750073,6.604049993,-3.974400001,-9.345650005,6.908649993,1.430199999,10.02258065,32.34575794
1989,2,100.4802996,2.569850126,8.319699931,-3.179099989,-6.878699946,7.762300062,1.41795001,46.96785714,40.55072834
1989,3,55.90434961,8.334100413,15.19779992,1.471599979,-3.444649991,12.32004991,1.703300005,34.16129032,88.52774557
1989,4,1.898149985,13.01045065,21.06124992,4.961099994,-4.432049987,21.93219995,3.441999996,10.76666667,143.3908004
1989,5,13.28285013,12.54260049,20.13945026,4.946650016,-3.265550014,18.35915003,3.512849998,6.325806452,153.1079765
1989,6,0,16.83080087,25.19854994,8.46444993,-0.760899993,25.28810005,4.825,1.343,190.5410328
1989,7,0,21.1370512,29.14285021,13.13245001,1.445499988,33.03230009,6.566899991,0.203870968,209.7933599
1989,8,3.685000055,18.13775086,26.14049997,10.1365,1.785349989,26.04405003,3.783700013,0.339354839,176.8824107
1989,9,43.25250006,16.89315095,24.57789993,9.209549975,0.004149987,26.16420002,6.10405004,0.966666667,133.3207695
1989,10,28.3346498,11.2628005,18.09475002,4.432399973,-3.908549994,15.95845003,3.731900012,1.961935484,83.28352471
1989,11,11.94204994,8.000000429,14.64694991,1.35454998,-10.15810003,13.54450011,3.482550025,3.136666667,55.15039789
1989,12,2.822800016,5.095250249,11.58225002,-1.390950026,-12.87419996,11.45725002,3.448000026,3.406451613,43.44348265
1990,1,98.98864946,2.685500138,8.251199961,-2.879449977,-8.456000018,7.860649943,1.75054999,7.916129032,34.25253513
1990,2,130.6393003,1.632550105,7.344199991,-4.078700004,-9.064900041,7.867900038,1.484799999,17.24285714,37.32369207
1990,3,34.13104968,6.04395026,12.6368999,-0.548349985,-6.084949994,11.36220002,2.222400016,42.41935484,79.23898432
1990,4,24.90090017,9.561450505,16.46225004,2.662049976,-0.486250018,12.62859998,1.606050006,20.66666667,111.0950509
1990,5,21.92075014,11.00050044,18.3809,3.62140004,-2.361000016,15.5953999,2.799200022,6.725806452,141.1404049
1990,6,1.86535002,17.5291007,25.80530005,9.253800058,-1.580649979,28.97715015,6.532550001,2.092333333,192.654397
1990,7,9.565000018,20.37805109,27.9350502,12.82190003,5.529649997,28.69180031,5.663450027,0.382258065,195.6338777
1990,8,6.115799999,18.72950068,26.52474995,10.93549998,2.018349984,28.04230003,6.140300059,0.52,176.039047
1990,9,7.281650078,17.3497509,25.0145999,9.68635006,1.568149994,25.8371501,5.69265002,0.375333333,137.8932217
1990,10,0.563999992,13.67015071,21.20955009,6.132249987,-5.010799965,22.32320004,5.505699992,0.610645161,99.30295281
1990,11,24.26724988,7.355300379,13.72059994,0.99110001,-9.601749945,13.49080005,3.352050018,1.905333333,51.49356152
1990,12,4.734400046,2.21660011,9.277200079,-4.843450046,-15.23575006,10.15980005,2.333900011,2.861290323,40.25269189
1991,1,65.94720058,3.405000138,9.116750073,-2.306049985,-8.569750023,7.521499968,1.397449988,5.832258065,37.39023424
1991,2,81.33190031,6.980200315,13.95710001,0.004350007,-8.578349972,13.01424994,3.052249992,35.88214286,59.30397785
1991,3,324.1881523,2.052300075,7.506450081,-3.401349993,-5.674950004,6.133749986,0.764399996,222.8709677,41.13732796
1991,4,0.714100001,8.167600417,15.87185001,0.464500001,-6.439900017,14.60119991,2.422099972,198.7,116.3759614
1991,5,1.578450014,10.40265059,18.63485017,2.171850001,-4.179799982,16.67819986,2.64369998,43.12903226,152.0643397
1991,6,0,14.47000084,22.54159985,6.399700034,-2.451049997,21.63245001,3.692149997,7.093333333,172.4569546
1991,7,20.18679986,19.60195112,27.54214983,11.66315007,2.532650029,28.78869991,5.341449952,2.596774194,197.7098579
1991,8,4.967249988,19.1629508,26.75290012,11.57425013,2.397650015,26.3375,5.411549973,1.100645161,174.7033145
1991,9,19.23865004,17.87930088,25.43294983,10.32704999,3.720249978,24.1802001,4.704850006,0.452333333,137.4315835
1991,10,29.72605011,13.5485507,20.54749985,6.55090009,-0.759000019,19.46485004,4.29350003,0.848387097,91.64352515
1991,11,6.468400025,7.719500351,13.70485001,1.73525,-5.597350061,12.08745003,2.490049976,2.461333333,50.52581406
1991,12,74.43585005,3.422500154,8.570700049,-1.724699983,-7.714150023,7.533349991,1.75449999,7.664516129,31.44666666
1992,1,82.39109955,3.607750154,10.03664994,-2.820399982,-9.859150004,9.032549953,2.215350008,26.16451613,41.04935604
1992,2,213.0613499,4.555350208,9.202349973,-0.090799998,-3.350999978,6.354100013,1.007950005,306.8827586,32.20022359
1992,3,205.8855991,4.80255022,9.767200017,-0.161299987,-0.694549989,5.543250012,0.194049999,257,49.51609538
1992,4,6.559950018,11.17615061,19.17950001,3.174099993,-2.427450001,16.89285016,2.279149985,139.2666667,133.6572806
1992,5,9.020100021,13.99670053,21.82989998,6.164800024,2.392649953,18.60590014,1.934600008,30.80645161,164.8899442
1992,6,0,15.61910071,23.76739988,7.472149992,0.470150011,22.71104984,3.728250015,6.883333333,180.043235
1992,7,27.66105013,18.55675097,25.66589994,11.44899993,5.15375005,23.23645029,6.900650024,5.970967742,175.4524873
1992,8,18.16270005,20.50140085,28.36934986,12.63470006,6.905750036,27.47070026,7.189499927,4.232258065,184.743899
1992,9,0.060899999,18.1707509,25.91730013,10.42549999,-0.009150021,26.52835035,6.472700024,3.203333333,142.9621912
1992,10,68.50450068,12.99880075,20.13065004,5.868000019,-1.655899978,18.62035003,5.656349993,3.929032258,88.9336498
1992,11,0,6.105250275,11.93305001,0.278149998,-10.04875002,10.98299985,2.727449977,7.176666667,46.51450906
1992,12,219.5729469,1.509650059,6.065699995,-3.046000002,-8.960199976,6.142450023,1.281850007,70.98709677,21.34276299
1993,1,547.345401,2.519500131,7.119600034,-2.080050011,-5.605799973,5.054550004,1.483499998,2061.645161,11.80274019
1993,2,353.7625992,2.442400105,6.734249949,-1.848550011,-3.412800008,6.846400046,1.111049992,2027.928571,20.54628647
1993,3,48.29680004,7.09785037,13.48249993,0.714249989,-2.890550027,10.47024994,1.5134,496.9354839,79.93025008
1993,4,0,10.26955059,18.01600008,2.524599993,-4.722599974,15.55064998,2.422950017,204.6333333,126.6733797
1993,5,1.21999999,13.56105051,21.16745024,5.95575006,-0.232399992,17.56029997,4.967350054,79.77419355,159.7245946
1993,6,47.72439995,16.17685075,24.42864981,7.926550007,-0.358699994,24.95384979,5.102950025,49.3,179.8661102
1993,7,0,18.1126009,26.01094999,10.21535008,0.792799989,26.36480007,4.912200022,17.96774194,191.1830531
1993,8,0,19.36425076,27.37079992,11.35899997,2.733050016,28.0701499,5.881950021,10.86451613,183.5188865
1993,9,0,17.09635086,25.64375,8.550299978,-1.783199997,27.55660019,5.80364995,9.303333333,149.3609773
1993,10,5.621000016,11.79925056,19.02145004,4.578299987,-2.859799957,16.4697,4.97445004,11.99032258,89.95214038
1993,11,32.9842503,6.526050258,12.51525002,0.538099982,-8.784300017,11.59695001,2.884650016,15.43333333,47.10421616
1993,12,34.53059988,4.465750217,10.90119996,-1.969049992,-9.827049947,10.94765,2.464700019,16.77419355,40.97785649
1994,1,23.30190001,4.897500217,11.26075006,-1.464999998,-9.852250004,11.21179981,2.69885,23.80645161,45.27533688
1994,2,188.99895,2.395250088,7.290900087,-2.499750004,-7.580800009,6.523750043,1.187549996,123.5714286,31.55615249
1994,3,87.9777998,7.130000329,13.05769997,1.203200008,-3.732299982,9.994499969,1.954299998,94.5483871,72.93076632
1994,4,36.71095009,8.802000403,15.86380014,1.741349994,-2.450649995,13.22350006,2.829449999,39.93333333,108.9922242
1994,5,17.48119991,11.72635055,19.48864994,3.965350068,0.576300005,16.56194987,1.786400014,25.67741935,150.9735028
1994,6,0,19.25835075,27.81810007,10.69994998,0.372750014,30.85550003,6.799849939,6.84,207.765188
1994,7,0.309850005,21.05145092,29.07805023,13.0256001,2.861250022,32.01910009,7.309899998,2.44516129,209.7010842
1994,8,14.57964976,21.66195126,29.84479971,13.48025007,3.932900023,32.53924999,9.530300045,2.239354839,196.7180466
1994,9,0,17.30340075,24.77249985,9.835699987,1.235949992,24.38859978,5.870899987,2.306666667,135.6287759
1994,10,36.47915002,10.51745052,17.33800006,3.69824999,-2.360850001,13.86704998,3.892549956,4.816129032,80.51799339
1994,11,42.43665004,3.309950143,9.189100075,-2.568500009,-9.121349978,8.651399946,2.493350011,7.6,39.76445691
1994,12,56.96720018,3.589450186,8.677950001,-1.498349979,-7.264150023,7.104699969,1.614899999,12.84193548,31.94919636
1995,1,366.2018524,2.548900148,6.353299975,-1.254450008,-2.064249961,3.261299992,0.384750001,579.2483871,14.07203687
1995,2,106.16975,6.964400291,13.15780001,0.772249977,-1.910600009,9.239349985,2.337600011,541.6071429,52.63252322
1995,3,288.3126045,5.74825027,11.44284997,0.054800009,-1.627399997,6.75940001,0.8141,846.6451613,54.01369161
1995,4,20.48899984,7.624400306,14.80610013,0.443650004,-4.897649962,12.71379995,1.94455002,195.2,106.5494676
1995,5,13.57569983,9.304350448,16.05554996,2.554649985,0.609799993,11.8575501,1.068400002,77,124.4727435
1995,6,25.56849971,15.25485058,24.01555004,6.495500028,0.148649991,24.52285013,3.898099983,39.8,185.5418287
1995,7,5.599349952,19.79135094,28.38995028,11.19370008,1.635799998,31.19894962,6.653100014,12.29677419,213.0338191
1995,8,5.416750026,21.44490099,29.47175007,13.41930008,3.668300024,31.67980032,8.66864996,5.109677419,193.7796945
1995,9,2.078499973,18.29420085,25.63060007,10.95899997,1.654300024,25.0408,7.256149983,4.506666667,137.4763627
1995,10,0,13.31330061,20.98850012,5.639449996,-5.00954999,20.30950003,3.874650013,5.980645161,99.5236864
1995,11,1.330500001,10.52750039,17.60395017,3.452250012,-4.553800005,15.68440003,4.410100043,9.17,64.17022619
1995,12,30.76879971,5.494050241,11.42144995,-0.432499984,-6.76570003,10.18204994,2.532650018,12.78064516,40.37278357
1996,1,39.09640007,5.56650027,11.30974998,-0.17550001,-6.796699941,10.18179998,2.100800014,12.37741935,42.50937676
1996,2,271.2770504,5.698150325,10.85514994,0.54224999,-1.548599985,6.945350027,1.081300008,258.3793103,35.07414962
1996,3,86.30110035,6.84035027,13.43084993,0.250950001,-3.987100005,11.22555003,1.446350002,109.1612903,78.80062598
1996,4,16.72525,11.14185052,18.92790008,3.357150011,-5.469149995,18.07609982,3.057350016,30.83333333,129.9137073
1996,5,1.247600013,13.95585065,22.29569979,5.617849982,-0.838949973,20.67310004,3.713849986,10.58387097,173.5180623
1996,6,0,17.60470095,26.41899996,8.791900039,-0.92829999,28.33780003,5.966100001,4.246666667,202.7549323
1996,7,7.566699994,21.9039011,29.50804977,14.30090003,5.649100029,30.68810005,8.217450047,1.870967742,204.8433142
1996,8,4.642799965,21.52065105,29.98294992,13.06004992,3.562149933,34.07014999,6.736849976,0.960322581,202.2330783
1996,9,2.571700011,17.25760074,24.92929993,9.587200046,1.209299995,24.50184984,5.77445004,1.109333333,138.0150586
1996,10,39.13954978,11.65195041,18.81580014,4.489000016,-4.654099989,18.42950006,4.908549976,2.635483871,86.97900288
1996,11,103.5227001,7.536600399,13.47254992,1.602049986,-4.707200009,11.11149993,2.415899998,20.16,45.95108923
1996,12,135.2358994,5.068900216,9.915200019,0.223549997,-6.851849973,8.409850097,2.245099992,52.53225806,30.19175999
1997,1,222.6009979,3.41350016,7.943550014,-1.115700008,-2.909799968,5.522549987,0.881249997,173.0645161,25.23226919
1997,2,22.37364998,4.940850246,11.28419991,-1.401449995,-9.120649934,10.28345008,2.111299986,47.03571429,52.52651897
1997,3,0,9.238350487,17.64669995,0.831100008,-8.640750027,17.31040006,3.254050028,27.51612903,111.2437774
1997,4,3.149549988,9.092500567,16.0638999,2.122450012,-4.341500008,13.88174987,2.235949993,13.74666667,111.6372323
1997,5,0,15.68145084,23.91815004,7.446049976,0.768549999,23.05220003,5.730199981,5.812903226,181.5956932
1997,6,3.490150002,15.89530077,23.80994997,7.981850004,2.543749994,21.60594997,3.269899994,2.636666667,177.2314149
1997,7,8.267600006,19.36560116,27.56934996,11.16334996,2.605249988,29.74729996,6.358499956,1.163225806,202.834428
1997,8,0.673600021,21.02245102,28.82194977,13.22454996,3.354250059,30.49064999,8.047499943,0.568064516,188.0257735
1997,9,54.25489931,18.28795094,25.26895008,11.30829997,5.882300019,21.67135019,3.55795002,1.274666667,127.6927102
1997,10,13.26100006,11.5104506,19.08885012,3.933250028,-2.523149988,16.81189985,3.585100031,3.241935484,91.94728154
1997,11,60.57370005,8.090500498,14.73849993,1.443600013,-3.741950053,12.34885011,2.736949992,8.653333333,53.43288697
1997,12,85.09995041,2.922600159,8.067049956,-2.220950001,-8.826800036,7.47670002,1.842300004,25.51612903,30.3318214
1998,1,99.66235008,4.983400226,10.82055006,-0.853099995,-3.645299999,8.478600001,1.467599994,44.9483871,39.80882915
1998,2,382.038501,2.455850156,7.497599959,-2.585049991,-2.394050022,5.062249994,0.314749999,820.25,24.68935343
1998,3,135.1014,5.160550261,10.90275002,-0.580949998,-3.109199995,8.531449914,1.157500008,319.1612903,62.43763709
1998,4,60.07700033,5.768050265,11.98105001,-0.443900008,-3.508799989,9.997649956,1.948950005,323.9333333,85.36670834
1998,5,100.5783507,8.315750432,14.34224992,2.290849991,0.078350009,9.533650017,1.863699991,456.0645161,102.1666765
1998,6,2.092000007,14.08430057,21.57684984,6.592850089,1.674450004,18.59294996,4.270350051,80.36666667,160.7637185
1998,7,4.767000026,21.36385088,29.56165009,13.16690011,4.475200039,31.31919994,7.193949986,20.77419355,214.2950968
1998,8,16.97260017,22.19685116,30.06464968,14.3305501,5.947300065,31.53075027,7.033299994,9.106451613,193.2299781
1998,9,34.97414985,15.86160064,23.04685011,8.677299976,4.308600008,18.47355018,4.002399969,9.05,123.2791965
1998,10,1.880750013,10.63320045,17.73535004,3.532549984,-3.76610002,14.91100001,3.919950032,8.725806452,85.42220344
1998,11,29.22229996,7.761950326,15.0079,0.516800016,-5.415700012,12.68390007,2.622349977,13.03333333,57.71165103
1998,12,9.596350026,4.516300225,11.06555004,-2.032000028,-9.820399952,10.37530003,2.239599991,13.5483871,42.40725829
1999,1,43.8784503,5.979100358,12.85459995,-0.895450013,-8.845649934,11.75544991,2.997600019,13.09677419,49.73428618
1999,2,24.61710014,5.270050251,12.41945009,-1.878599994,-7.120799959,10.61269984,2.176200008,17,58.41309134
1999,3,13.698,5.325250268,12.31244998,-1.66115002,-5.603300023,10.27325001,1.474199998,12.96774194,81.47478603
1999,4,68.93524971,5.35680027,11.76670003,-1.052399996,-4.801449996,10.95475006,1.91789999,30.56666667,85.37437105
1999,5,11.37575009,11.82740059,19.73339987,3.923199999,-0.55899999,17.0398499,3.42724998,12.48387097,154.2210654
1999,6,13.98035014,16.07900076,23.9243001,8.234700036,-0.597549987,24.27439995,6.798149991,5.87,175.9202989
1999,7,41.16070025,20.34285078,27.5190999,13.16824989,3.943649989,25.84795008,5.809299994,1.618709677,183.9423279
1999,8,2.40405004,20.39620094,28.67659979,12.11734996,1.243399983,31.92834997,7.674000001,0.759677419,193.3487204
1999,9,4.891750016,18.46290092,26.60004997,10.3268501,1.618200019,27.66749973,6.205500007,1.058,149.2271548
1999,10,0,15.05440068,23.09564991,7.014750004,-8.001900017,24.63100004,7.746249914,3.141935484,109.0325018
1999,11,7.419400045,10.83130059,18.60055008,3.063199976,-9.022550035,18.59060001,4.313650036,6.526666667,69.40156996
1999,12,0,6.196000254,12.83190007,-0.439200015,-14.38985009,13.05345006,3.811050022,7.109677419,46.49599016
2000,1,22.03130002,6.013100338,11.24485006,0.782200004,-6.268100023,9.60079999,2.537900007,7.75483871,40.89484716
2000,2,205.2061497,5.071700263,10.27130008,-0.126999993,-4.061199966,8.291300058,1.507500011,52.72413793,37.3938678
2000,3,63.1918993,6.481050324,12.94765,0.015450002,-4.384200013,11.10830002,1.815600008,83,77.79068552
2000,4,53.33235006,11.16430044,19.6335,2.69655,-3.990300009,18.52699995,2.76565001,58.53333333,135.8668551
2000,5,1.470450006,15.71020074,24.18490019,7.236899948,-0.457299989,24.8998498,5.322999954,11.82580645,185.5822651
2000,6,0.095700003,18.61560092,27.22465,10.00775001,2.19885001,28.42090025,7.097849941,2.943333333,204.9652563
2000,7,0,20.90920086,29.62784986,12.19180002,-0.685500006,35.98954992,9.293300009,0.926774194,222.5074118
2000,8,14.96635003,21.00245104,28.75679989,13.24929996,4.597600019,30.35159979,7.566150069,4.496451613,185.4865851
2000,9,6.13895002,17.44065084,25.1967,9.686399865,-0.000750014,25.74979982,5.851649976,1.753333333,139.6089714
2000,10,28.59350023,11.16495054,17.08354974,5.247950047,1.089249999,13.37025003,2.678250009,3.077419355,74.17385921
2000,11,6.325399992,5.383600211,11.1836,-0.415499993,-9.409499979,10.84890003,2.769649994,4.266666667,44.66881358
2000,12,0.87819999,7.457550311,14.55184999,0.364099988,-12.02845001,14.2171,4.065249979,5.135483871,51.54778062
2001,1,92.60010071,2.674050152,8.185650015,-2.836950013,-7.779649973,7.633499956,1.395300004,9.929032258,34.15510918
2001,2,151.3655003,2.660700119,7.94289999,-2.620849983,-5.244000036,7.073099971,1.136649999,37.21428571,35.93776589
2001,3,29.36914968,7.224850297,13.81470003,0.635849998,-1.249650016,11.10419993,1.603499997,77.25806452,83.55852558
2001,4,35.30269976,7.499350309,14.87404995,0.125399992,-3.575799941,13.25510001,1.630150002,55.2,107.1706714
2001,5,2.428849987,16.13640075,25.08205004,7.192199981,-0.523350005,26.16769981,5.855149961,16.49032258,195.7990789
2001,6,0,18.66445103,27.14624977,10.1842,-1.463750017,30.20284996,6.621549988,2.813333333,202.9448189
2001,7,3.262300014,19.65520105,27.86940002,11.44230003,1.418350002,29.92494984,6.31590004,0.705806452,205.2364508
2001,8,0.063249999,21.66530094,30.15634985,13.17535,2.978800008,34.61289997,9.242799878,0.316129032,204.0367351
2001,9,0.980949992,19.14485064,27.40855007,10.88244998,1.181049995,29.33260012,7.424650002,0.7,154.2384755
2001,10,0.8712,14.62415051,22.01005001,7.239050066,-2.97325,21.70474997,5.832150006,1.403870968,100.7854788
2001,11,42.01860018,8.096200395,14.64224997,1.551050015,-2.57044998,11.72075005,2.231749982,3.855,53.52417901
2001,12,22.7340497,3.733450174,9.856299996,-2.388750024,-7.84454999,9.089249945,1.438249999,4.962903226,38.41406253
2002,1,19.20164986,5.121850288,12.04755006,-1.803100028,-10.44735003,11.99259996,2.511849999,5.764516129,48.98786332
2002,2,10.25495006,7.009050322,14.77720008,-0.758649981,-11.58139997,14.78344998,3.569349992,6.335357143,67.75464632
2002,3,34.94080029,5.911000288,13.18069997,-1.357849997,-7.609949994,12.43609986,1.824999994,7.56,85.00662086
2002,4,11.44754992,9.89110055,18.28590007,1.497699991,-3.57369999,17.12514997,2.961699998,5.546666667,131.9379056
2002,5,0.164000005,12.3256506,21.46989994,3.183150004,-2.176549989,21.05650005,3.608950007,3.238709677,176.4063948
2002,6,0,18.88300085,28.71335001,9.054099965,-3.251950008,34.89725018,6.790249968,0.831666667,228.4219672
2002,7,4.676900032,22.29465103,31.16374969,13.4265501,2.279400028,37.56165009,9.092700052,0.30483871,233.0834954
2002,8,0,20.81820116,29.76920013,11.86859992,-3.676549963,37.01084976,9.287700105,0.415806452,207.7361672
2002,9,2.903100014,18.46710105,26.14064989,10.79499998,-0.419100024,28.19744997,8.227300143,0.607,142.8843003
2002,10,0.284449994,10.90730047,18.04259973,3.773799973,-3.367049985,16.31899996,3.898799956,0.937741935,86.66564246
2002,11,113.9637999,9.355300546,16.21914978,2.492799997,-7.327649999,14.80689998,3.371150017,25.22066667,55.35935183
2002,12,82.3933506,3.562350187,9.726449919,-2.600699997,-6.173349953,8.204599977,1.280599999,6.166451613,36.50987123
2003,1,1.180149991,8.529400373,15.80200005,1.257900008,-6.514799976,14.18070011,2.924800003,6.686129032,59.39932655
2003,2,187.2261501,4.866900206,10.77069993,-1.036299995,-6.505100024,8.65684998,1.332499996,209.8482143,42.74076798
2003,3,97.01165066,6.971800351,13.85080004,0.093800008,-3.695149985,11.33155007,1.508200008,201.6516129,81.43840198
2003,4,64.2184,6.457200289,13.00230002,-0.086799999,-3.509649971,10.23930011,1.318100017,43.60666667,91.43651609
2003,5,21.21190004,13.28340068,21.62929993,4.938849992,-1.221549995,21.48984995,4.027350008,25.96419355,167.9407399
2003,6,0.647349992,17.66045084,26.58519983,8.737049985,1.418049988,27.72410021,4.695200014,5.207,204.9442206
2003,7,10.59505,21.96855106,30.32520027,13.61295004,5.645750034,33.43515015,7.652900076,0.846129032,220.1582303
2003,8,13.32345005,21.13120108,28.79115019,13.47264996,5.905599999,29.06554995,5.952900004,0.412258065,184.5553224
2003,9,4.753399988,19.75040102,27.87934999,11.62304988,2.84875,29.72819977,6.768650031,0.425666667,154.5357104
2003,10,0,16.26220083,24.61919994,7.906450057,-2.439700016,25.69514999,6.627649975,0.612580645,116.5030157
2003,11,34.60440006,6.110850263,12.26825008,-0.045899995,-5.147999972,9.951950026,1.764000005,3.011333333,47.23280399
2003,12,85.61389977,4.690100276,10.99969997,-1.618700014,-9.768600106,10.39180012,2.145249981,75.59,39.16127225
2004,1,13.60180016,4.599500239,10.77774997,-1.57760001,-7.401499963,10.03319998,1.799199992,5.399677419,43.97282303
2004,2,118.8815002,2.520150095,7.904349971,-2.8631,-7.736050081,7.10720005,1.245949998,74.23724138,37.54582732
2004,3,21.22354984,10.68475056,18.37759991,2.993399986,-4.008050063,17.05124998,3.282400024,60.0483871,108.2852237
2004,4,18.99659986,9.345600438,17.22850008,1.463800016,-3.801549989,15.56724982,1.99750002,13.119,122.6185405
2004,5,0.386949999,13.43305058,21.77380009,5.093400007,-4.674299967,20.98535004,2.971650004,4.37516129,170.6877761
2004,6,0.293149998,18.11935077,27.24899979,8.990950084,1.587400009,28.27470007,4.780950034,0.924333333,211.3118286
2004,7,0.877449987,21.18105097,29.49655018,12.86650019,2.071949994,34.62824993,8.672400093,0.164516129,216.0778471
2004,8,5.611300053,20.54810114,28.46169987,12.63575006,4.45414992,30.46409998,5.861849999,0.41483871,187.1963955
2004,9,1.857300028,17.7196507,25.53145008,9.909350014,-2.234699985,27.82939987,4.994949996,0.529666667,141.8775644
2004,10,235.969149,10.63940043,16.83525014,4.444850001,-0.702100003,14.47809997,2.360550028,324.053871,62.95822737
2004,11,52.89709988,4.811200225,11.1335,-1.51034998,-4.183700034,8.815300035,1.018450002,33.86666667,44.87482903
2004,12,66.76489983,5.889000225,12.14384999,-0.364999996,-8.364850092,10.38960001,2.514349973,328.5483871,41.65756724
2005,1,430.7006485,4.312700212,9.539949989,-0.913899992,-3.727400022,7.497700024,1.305999997,1409,22.56508074
2005,2,234.0282501,3.720250201,8.378300118,-0.937249994,-2.652750016,5.482800055,0.697850001,1113,30.11871998
2005,3,50.92789965,6.129400265,12.1167501,0.142800003,-3.153750004,9.598449898,1.135849991,316.6774194,72.7252685
2005,4,28.09735069,7.626850295,15.55025015,-0.295850003,-4.950899971,14.3592,1.795649993,206.9666667,114.4469879
2005,5,13.89909998,13.2094007,21.28035011,5.139699966,-0.808950002,20.56574993,2.765950018,119.1290323,163.9542998
2005,6,0,15.32725072,23.1165,7.539300001,0.406900025,22.21659994,3.463400012,44.44,172.4244714
2005,7,18.07895004,22.13380108,30.18445044,14.08404999,5.404549968,33.41669979,7.001200008,17.7,213.9215711
2005,8,4.561200047,20.44280119,27.93555021,12.95100002,6.227150035,27.9154501,4.186800027,12.78387097,179.1631989
2005,9,16.14834986,15.83090062,23.67725,7.985500026,-1.026950011,24.70290022,4.029900038,9.01,133.4642048
2005,10,44.03630009,11.83350058,18.97589979,4.692649966,-2.670950025,16.74499989,2.932950014,13.01193548,87.03202456
2005,11,1.832800007,9.646000552,16.30605006,2.987499976,-6.514899957,14.89294987,3.573000014,13.86666667,59.29218789
2005,12,3.701650012,6.049350297,12.58570004,-0.486649989,-7.006399965,11.02220006,1.899849993,15.48387097,45.55391965
2006,1,83.68969927,4.492950213,10.84880009,-1.861999991,-7.496949983,9.969250083,1.796950001,69.61290323,42.36633071
2006,2,64.12425003,6.17950027,12.70429997,-0.344449995,-10.91095004,12.58495002,2.76819998,211.6428571,54.97959293
2006,3,183.2233978,2.290000142,8.04744997,-3.46660001,-4.567799991,7.238300014,0.5518,225.9354839,51.97197075
2006,4,119.7874498,7.28670032,13.89534988,0.679000005,-2.742799987,11.11989999,1.314499997,663.9,91.39756275
2006,5,7.712499952,14.74495072,23.42805004,6.063250017,-0.097650016,23.34849977,3.742050004,57.35483871,182.848564
2006,6,3.075600001,19.71945086,28.02264996,11.41740003,0.567600001,31.61969995,5.975900006,19.3,205.2419574
2006,7,28.88974991,22.80440111,30.32590017,15.28405008,8.145849991,31.98894997,6.394550037,9.035483871,205.0631179
2006,8,1.636949992,20.11680088,28.12870016,12.10605004,2.040749998,31.68620014,8.222499895,6.077419355,187.2337708
2006,9,4.091650001,17.77105079,25.59264975,9.951299977,-2.076700004,27.54959984,5.452399993,4.57,142.0313181
2006,10,5.909599936,11.54510045,18.6598,4.431749986,-4.306299961,17.03789992,3.050099987,5.75,88.12586721
2006,11,4.773899999,9.460400367,16.13759985,2.784899971,-6.377949965,16.15480008,3.215400004,7.593666667,58.87255501
2006,12,19.79820013,4.771000218,10.61464999,-1.071599989,-11.2836,11.54644995,2.428199983,10.85258065,38.99043051
2007,1,22.6052,2.592950128,9.058350062,-3.871700002,-12.56855006,9.702050018,2.080099982,12.05806452,41.03632084
2007,2,53.06424999,4.937100291,10.91474998,-1.039749992,-6.495549989,9.577949929,1.813449997,13.55,48.91203799
2007,3,9.456799865,8.922850394,16.31964989,1.527499991,-7.359899974,16.25024996,2.971200007,14.17096774,99.10638973
2007,4,19.05600004,10.1431005,17.49445004,2.793099996,-4.373850018,16.70304995,2.553600025,10.73933333,119.6970759
2007,5,0,14.13765063,22.57310009,5.703549969,-5.790849984,23.92144995,5.063950026,8.131935484,176.1814904
2007,6,0,18.17060094,26.77889996,9.563500118,-5.43004998,32.08799992,6.623649979,2.373333333,202.4014697
2007,7,0.396099999,22.65795116,30.35040026,14.9667501,1.400350001,37.7105999,8.949549985,0.949354839,211.5874208
2007,8,3.664450014,21.94570103,29.21420002,14.67855015,1.742499987,33.65214968,8.559449959,1.270322581,182.186424
2007,9,40.01120057,16.67990093,23.74635,9.614450026,0.743699983,24.08860006,5.07395004,3.042,124.2797797
2007,10,1.612750006,12.13075047,18.86789994,5.395100033,-5.063849986,18.27425008,4.388150001,3.296451613,86.52191266
2007,11,0.0939,10.66460047,17.30499997,4.025599957,-8.78859992,16.83575006,4.364950025,4.924333333,61.49601737
2007,12,131.0350006,2.914250147,8.472299981,-2.643049994,-8.36849997,8.25635004,1.500400004,23.95419355,30.97093998
2008,1,299.34935,2.32365014,7.424850059,-2.776999998,-8.177450037,7.602199984,1.415450004,271.4964516,24.45317257
2008,2,92.52679977,4.064950168,10.72985001,-2.599249999,-7.688000011,9.919149923,1.896999997,127.3827586,49.75013278
2008,3,6.063049984,7.661800361,14.55035005,0.774049991,-9.130000019,14.01900001,2.977549994,83.71612903,89.48900861
2008,4,0,9.707250452,17.21604981,2.199850008,-8.721200061,17.21820006,3.183049989,41.21333333,121.1581727
2008,5,23.69294977,11.30090055,18.51345,4.089650013,-3.01039998,17.96264997,3.664900005,22.3,139.9716714
2008,6,0,18.62690077,26.91164999,10.34335003,-3.197499995,31.58790016,6.766549993,11.86766667,199.1434645
2008,7,10.13334998,21.63965082,28.80964994,14.47110004,3.457150006,31.45769968,7.93190012,5.996451613,194.1761015
2008,8,6.228449994,21.77480097,29.09154997,14.45944996,4.086000001,32.42979984,7.700699997,3.649032258,182.0043002
2008,9,2.197500008,19.02075109,26.57215014,11.4707,0.678100002,28.33179989,6.341399956,2.649666667,143.4147568
2008,10,0.696049996,13.99875064,21.18344994,6.815300012,-7.96379993,22.21714993,6.00260005,3.931612903,96.74810683
2008,11,51.5724,10.04930036,15.93970003,4.1602,-4.412799978,13.5292501,3.051599991,7.770333333,52.63525574
2008,12,139.2771511,4.130700171,9.889500046,-1.627449998,-8.687700009,9.93499999,2.398550022,25.55645161,33.64870144
2009,1,12.29334996,6.690200233,12.43525004,0.946399993,-9.366499972,11.45560002,3.079349995,38.22580645,45.6495602
2009,2,183.6480492,4.124050194,10.13485007,-1.885800022,-7.488499999,9.40975008,1.956,174.1178571,42.13714692
2009,3,16.25074999,6.287650275,13.6710999,-1.094900024,-6.482849908,12.4283999,2.056699991,122.6064516,88.52460852
2009,4,4.098350018,8.22680037,15.9293499,0.524850016,-6.57510004,15.18235021,2.758250004,56.40333333,116.3922775
2009,5,0.850850004,15.65690064,24.7401,6.574750018,-2.316250001,25.95849991,4.884950018,23.66774194,195.3814654
2009,6,2.474800009,14.53680077,21.55575008,7.519449902,1.408049998,19.76784997,3.386699998,11.55166667,155.1506309
2009,7,6.440850072,22.52030096,29.74104977,15.30089993,3.080400036,33.41085005,7.140849948,3.54516129,200.160549
2009,8,6.515800044,20.69340086,28.53029985,12.85780001,-1.250900009,33.47504988,8.519299984,1.944193548,186.4273238
2009,9,0.963199996,20.09825087,27.62989998,12.56809998,-1.834200001,31.93215017,8.032599974,2.407666667,147.5227403
2009,10,10.92949994,11.33955045,18.15880013,4.521549988,-6.028799951,17.68955007,3.617649984,4.436774194,84.40859817
2009,11,26.03714991,9.258200383,15.76915002,2.748550001,-9.376199937,15.57660003,3.82670002,6.754,56.42871203
2009,12,135.5868994,3.257400161,8.896099973,-2.380399998,-7.70030005,7.910300064,1.436949989,85.08741935,31.76931446
2010,1,286.3309479,4.75395025,10.03550003,-0.526499997,-5.893400013,8.912799954,1.493499994,171.2322581,29.18297261
2010,2,197.8434486,3.939400196,9.614450026,-1.73480002,-4.348949975,7.459749985,0.864399987,386.4285714,38.98792658
2010,3,26.62699986,5.590950227,12.01729994,-0.834549993,-6.76535002,11.3665,1.711699998,230.8064516,76.56406739
2010,4,69.65409946,6.849600315,13.48874998,0.2116,-4.152099985,11.8062499,1.600700015,255.4,93.66153391
2010,5,6.298399997,9.545000458,17.04855003,2.042350025,-2.432099986,14.91569996,2.165299997,101.8258065,136.8717541
2010,6,0,16.99925079,24.64329987,9.356649923,0.804550002,24.80845013,4.2028,28.39,178.7662082
2010,7,5.103100017,21.47100086,28.26859999,14.67450018,4.02865001,29.68559999,8.686300159,13.2383871,186.2304277
2010,8,0.863399987,20.31860113,27.82619991,12.81235008,1.048700008,30.66029997,6.604949975,6.957419355,179.2493014
2010,9,1.029999984,18.74745088,26.72374983,10.77249997,-2.693900039,30.31154995,7.072399998,6.536,148.4858492
2010,10,47.48100014,12.45005064,18.2221498,6.679299998,1.699899988,14.21615005,2.546799999,9.390645161,74.84770712
2010,11,75.98074913,6.975400329,12.85784993,1.094249983,-6.841049969,12.08584991,2.678799987,19.18866667,45.64472496
2010,12,502.1704514,6.658950281,11.78685007,1.532050012,-4.294300038,9.345300007,2.042849988,1197.96129,19.34369766
2011,1,27.52959995,5.66380024,11.62374997,-0.29564999,-8.104700041,10.59369998,2.211000001,133.1290323,44.38104858
2011,2,149.4933994,2.839350143,8.535750031,-2.85605002,-9.613650012,8.080449986,1.746299988,179.3214286,38.92977084
2011,3,94.85280075,6.503250265,12.98255005,0.024500009,-3.731450003,10.72865005,1.208199993,410.6451613,76.08696946
2011,4,14.77899995,8.337650418,16.13155003,0.544950002,-2.80790004,13.92039986,1.767199993,210.7333333,117.1985263
2011,5,13.28185003,10.11895044,17.14199996,3.097399986,-2.902599995,15.34824991,2.185599995,81.88387097,132.3111885
2011,6,0.139750002,15.74120088,23.53705006,7.94659996,-0.726449975,23.90365009,4.077649999,43.12,174.7304257
2011,7,10.86270004,20.40305099,27.98985014,12.81735005,4.081899977,29.37684994,6.212500012,21.7483871,196.1957163
2011,8,22.93289995,21.42420092,29.00655022,13.84324975,1.491850004,33.23540001,7.349049997,11.86290323,183.4180251
2011,9,8.512450016,19.0586009,26.29805012,11.8203001,2.147899983,27.20170002,5.286649966,6.868333333,138.4595686
2011,10,42.18104944,13.82335052,20.68219995,6.966049969,-2.54030001,19.7675498,3.935099995,10.88096774,90.22390574
2011,11,56.92899971,6.709250379,12.94664998,0.473050006,-6.116599977,11.31694989,2.30575,11.908,48.09923752
2011,12,18.86344991,3.432200149,8.87450006,-2.00924997,-11.12615004,9.162799978,2.203150004,12.54516129,34.65373508
2012,1,18.95770018,7.289100337,13.67185006,0.907250009,-10.04794998,13.45800009,2.903700006,14.86451613,50.50319234
2012,2,34.65760031,4.36275022,10.14659991,-1.420049994,-8.200250006,9.879249954,1.645800012,18.47586207,47.11372427
2012,3,77.5373003,5.515650332,12.49810004,-1.466049965,-6.897849894,11.88010001,1.87874999,57.22903226,78.54930855
2012,4,69.35739975,9.684700513,17.03315005,2.337350002,-4.635200047,16.18065014,2.443150002,73.09666667,113.795665
2012,5,0.514564989,14.20470057,22.56860027,5.84185009,-3.410299967,23.26525002,3.42190001,20.42903226,175.3725315
2012,6,0,18.40735078,26.89589987,9.919900036,-1.845899998,30.93954973,7.124350023,6.483333333,201.6064922
2012,7,13.6036001,20.75105095,27.94904985,13.55430002,2.036450013,30.48280001,7.00395,2.552903226,189.8472781
2012,8,14.2133501,22.44880075,29.47670012,15.42170014,7.981849933,30.60239983,4.780800045,1.885483871,178.6003173
2012,9,0.241500001,19.81170106,26.87549992,12.74955003,2.825850028,27.79595003,5.269400036,2.603666667,139.4792751
2012,10,2.904199976,14.01510053,21.18210001,6.849200034,-4.377750003,21.57070017,4.483700013,4.091935484,96.47899327
2012,11,25.66125031,9.591950417,15.97319994,3.212100002,-6.140000021,14.32324986,3.115499985,7.482,56.2723182
2012,12,83.16398735,3.513900149,9.218949986,-2.190549996,-4.890599996,7.744199991,0.993399999,13.94258065,34.13189623
2013,1,35.47759991,3.070300135,8.767050004,-2.625849999,-10.12360001,8.545850015,1.833050013,20.60967742,37.68173236
2013,2,28.75725031,3.750300193,9.872299957,-2.371100004,-9.367750001,9.372199917,1.559100008,20.98571429,48.08352491
2013,3,23.94075003,9.488750458,16.43600006,2.542949976,-6.132850039,15.21529999,2.619850022,23.79354839,95.56902038
2013,4,2.262949997,10.72330058,18.23839974,3.209800014,-5.704450011,17.4894999,2.878699994,13.39666667,125.6695866
2013,5,10.23049991,13.44190063,20.99430008,5.890899968,-2.544299981,20.60580006,3.761449981,7.557741935,157.3560459
2013,6,0,19.226651,27.60385008,10.85084996,-1.237549994,31.64434977,6.056099987,2.089333333,204.2097178
2013,7,25.31475033,22.33490095,29.2397501,15.43119993,4.295450044,32.14380007,7.32184999,1.082903226,190.04709
2013,8,5.715049994,20.8258009,27.88255005,13.77010012,1.215599991,30.87705011,7.006399941,0.809677419,172.7697306
2013,9,6.237600021,18.17700086,25.3649497,10.99020009,0.915099999,26.67694998,5.173249984,0.904333333,134.5382616
2013,10,26.40394998,11.58205056,18.51085,4.654500061,-7.44794991,18.56654987,4.259199989,3.283548387,85.26865131
2013,11,39.45270023,8.40810039,14.29470005,2.522400007,-6.557350004,12.95034995,2.909099984,6.079666667,49.91892028
2013,12,13.46869988,5.195750237,11.28065004,-0.888450021,-11.04314995,11.40589995,2.885100001,7.49483871,41.22260884
2014,1,9.484299982,9.097900414,15.73384986,2.463250016,-12.08410006,15.57605,4.350100017,7.296129032,56.30125017
2014,2,21.32184987,7.691200328,14.36575007,1.017800008,-7.385700059,13.75684986,2.688700002,45.99142857,61.53949586
2014,3,137.8001999,8.47610054,15.16864991,1.784899999,-5.204649985,13.53280001,2.18580001,66.11612903,81.92916168
2014,4,33.21340017,10.24195049,17.43989992,3.04545004,-6.111650026,16.70780005,3.095500016,11.63933333,117.0850892
2014,5,4.717900038,13.88700066,21.12594986,6.64944998,-4.694749969,21.42220001,4.040549982,5.373548387,155.1066826
2014,6,0,18.14285078,26.41074982,9.876499987,-3.164100004,29.73205004,5.18585,1.845666667,196.131902
2014,7,14.09484995,22.28225117,29.84399967,14.72195005,4.559250021,32.42835007,7.101500058,1.02516129,205.1137348
2014,8,23.33349991,19.97635078,27.08254995,12.87175007,4.160699958,28.04000034,4.70120002,1.198709677,167.8081866
2014,9,7.700299919,19.19695086,26.35405025,12.04114995,4.58810001,26.61445007,4.169500005,1.248,137.8514834
2014,10,0,15.62965064,23.38710012,7.873649979,-4.772850007,24.42074995,5.421350002,1.512580645,107.9995802
2014,11,33.07400022,9.900650454,16.13874998,3.66375,-8.771299934,15.40544991,3.639699996,3.617,55.60901098
2014,12,170.7729,5.215100265,10.37819986,0.053200009,-3.54804996,7.772249985,1.0771,40.02709677,30.95490928
2015,1,25.0934001,6.610550261,12.04124999,1.180849992,-6.299799991,10.26800008,2.142299998,16.51935484,43.07855106
2015,2,31.67379961,9.549000454,16.12115002,2.978349972,-5.509749997,14.51450009,2.779049987,12.175,64.88846139
2015,3,12.03875005,10.09590056,16.64869995,3.544350003,-5.447149992,15.53365006,3.059249985,15.06258065,94.22956353
2015,4,8.120999956,9.052450514,16.59709997,1.509249986,-6.694049919,15.45199995,2.534849995,6.940333333,118.0188953
2015,5,19.97494998,10.56355042,16.98719993,4.141249996,-0.0662,14.14269986,2.485849988,5.846451613,124.9397207
2015,6,6.298949957,19.56965075,26.84610023,12.29464991,-0.251299998,29.9611001,6.165649939,2.251666667,184.4614358
2015,7,65.30819969,18.88485084,25.67414989,12.09705002,5.692600024,24.99019995,4.067199969,1.913870968,166.2707574
2015,8,0.763200001,22.05410109,28.99384995,15.11585011,3.156850007,32.64599991,7.529049969,0.693548387,176.7029966
2015,9,37.57994976,19.38650093,25.71970024,13.05464993,4.857599974,24.58935003,4.618099976,1.629333333,123.3752597
2015,10,21.83630009,14.1799006,19.92564974,8.435549974,2.622799978,16.09699988,2.704650021,2.719032258,80.68358237
2015,11,26.57265005,6.379200351,12.29320002,0.465999985,-8.215600061,11.94119992,2.598699987,3.917666667,46.5910348
2015,12,35.80060024,3.548650217,9.734850001,-2.636999982,-9.322049999,9.626600027,1.733599994,6.961935484,37.98953681
2016,1,99.95075054,4.076150197,10.12434998,-1.971099989,-6.459150064,8.576899958,1.267649996,34.00225806,39.32193392
2016,2,45.19529972,8.194200349,14.80489993,1.585099976,-8.05049994,14.37495008,2.587150013,49.4,61.2493854
2016,3,53.87965021,8.325000405,14.86745009,1.783400021,-3.747999987,13.13115001,1.950900012,23.9,85.29296538
2016,4,29.23060007,9.801350498,16.10114985,3.503149991,-3.157050017,13.79839997,2.416000009,13.77833333,104.0803168
2016,5,9.616749954,10.90375047,18.06750007,3.741550004,1.57030001,14.67644987,1.819750002,5.788387097,138.5664983
2016,6,0.2846,20.1789011,27.80565004,12.55339997,0.413549984,32.94245014,7.581399989,1.393,195.1152974
2016,7,2.155700017,22.95220127,30.31930008,15.58605022,1.995099992,35.0954998,9.39284997,0.174193548,206.0394429
2016,8,3.21140002,21.43180113,28.47870007,14.38614998,2.533649972,31.84780006,7.300299978,0.274193548,175.6415598
2016,9,0.947050001,17.29375095,24.24160004,10.34690006,-0.854050011,25.03684998,5.369350004,0.314666667,128.2566586
2016,10,34.12794981,14.15795069,20.48980007,7.827399957,-2.375300001,18.98545022,4.230699968,1.017419355,86.14384446
2016,11,36.45325003,9.394100356,15.67560005,3.113550022,-6.490499973,14.37879992,3.463699973,2.866666667,54.717855
2016,12,158.0452007,4.575250185,10.31599998,-1.164850006,-5.964900076,8.431150031,1.555599999,32.53322581,33.6432738
2017,1,290.5970474,2.648050151,6.944249964,-1.647099984,-3.850149986,5.03809998,0.727099998,199.3774194,20.37455456
2017,2,53.11989975,5.768200254,10.64155011,0.895649997,-3.442600019,7.884050059,1.048799998,165.9785714,43.03013577
2017,3,22.59030013,9.641350436,16.39745002,2.886500037,-4.435000044,14.74949994,2.56589998,92.20967742,94.14942374
2017,4,0.455949999,10.02410052,17.58525014,2.464399993,-4.907799983,15.79000001,2.963150048,28.08666667,123.2097007
2017,5,13.05655013,12.24080057,20.59280005,3.890499985,-1.450700019,20.12784986,3.573249954,18.99935484,163.0006147
2017,6,0,19.56725092,27.5675499,11.56799996,0.683899992,32.32265005,6.802400017,5.076666667,199.0443737
2017,7,4.664549951,22.41615124,29.14844999,15.68504992,5.753300011,32.26225023,7.826949978,0.78483871,189.4615144
2017,8,14.64280007,21.36455107,28.37304974,14.35744996,5.756400025,29.86340017,5.215250015,0.886774194,173.2677815
2017,9,6.884149981,16.95440073,23.63919983,10.2710001,3.028999993,22.09144993,3.806500006,1.178,122.7985415
2017,10,0.44645,14.73455095,22.35660028,7.113849914,-7.837999988,23.46280003,5.948399997,1.688709677,103.6125618
2017,11,1.562450014,11.65535054,17.77844992,5.533850014,-4.66759994,15.71284995,3.908000004,3.364666667,59.82214473
2017,12,0,8.189350414,14.21750007,2.162449979,-15.37939997,14.70339999,4.98429997,4.023548387,46.93564344
2018,1,101.2791508,7.929050422,13.99045005,1.868800007,-7.56074996,12.54315,2.876649988,21.08870968,46.54241756
2018,2,13.46995001,5.365550292,11.63084998,-0.898999999,-10.29555004,11.65160003,2.549899989,6.471785714,53.39104007
2018,3,123.3055992,5.617150271,11.31189995,-0.076350005,-4.505900031,9.175350022,1.512000003,56.94225806,63.96948036
2018,4,0.0232,11.3385006,18.81140003,3.867000024,-5.72129997,18.18330002,3.784999979,11.61866667,128.0888905
2018,5,10.38875005,12.25745072,19.88475018,4.631400007,-0.588649971,18.13140016,3.099049991,5.371935484,152.3677377
2018,6,0,18.83070097,27.27729959,10.3855,-2.439100016,30.22494984,6.720899963,1.090333333,203.2483097
2018,7,21.82305012,22.5070509,28.78729992,16.22760005,7.44625001,30.49354992,6.752549982,0.399032258,177.7726113
2018,8,5.396100004,22.43830109,29.6107501,15.2671998,5.396699989,30.46850023,6.026300001,0.316129032,182.4221961
2018,9,0,19.7041008,26.8998498,12.50994992,-1.174199983,30.09615002,7.373499966,0.351,141.0645919
2018,10,27.62004995,12.42035065,18.14470015,6.697200072,-0.716499989,14.86009998,3.015449989,0.974516129,75.54310754
2018,11,61.84859962,9.382650447,15.25065007,3.515699996,-9.310000038,14.21394997,3.788850021,3.666333333,50.73825206
2018,12,58.62805023,5.11700021,10.81815004,-0.583450003,-6.531200004,9.396800017,1.836449982,9.748387097,37.58793853
2019,1,150.7701496,4.769100189,10.06405001,-0.524850009,-6.364499962,8.551550031,1.490799999,103.0245161,34.4039058
2019,2,297.6945526,0.38555003,5.708700001,-4.937600207,-6.51515007,5.209250045,0.525699998,527.6535714,26.8890128
2019,3,89.11709976,5.166600251,10.6999999,-0.365700017,-3.984699988,8.370099974,1.120250002,306.9677419,63.16729851
2019,4,2.732049999,10.28815475,17.60824981,2.968200046,-1.927049988,15.79919977,2.385349998,81.38333333,121.2148063
2019,5,50.45539989,8.863174748,15.20075011,2.525700004,2.063900019,10.8829,1.070250007,53.82258065,113.3498731
2019,6,0.541899998,17.24333954,24.64344997,9.843349981,2.62965,24.75005007,4.86424998,20.711,175.6138644
2019,7,2.00280002,20.64357958,27.87115002,13.41609998,4.001550034,29.68835001,6.88664999,5.276129032,191.3530997
2019,8,0,21.9708395,29.67465,14.26714993,0.921800008,33.08730001,9.061400008,1.949677419,191.003243
2019,9,6.84910005,17.61971965,24.33034983,10.90924988,1.652900022,23.07685013,3.700800014,1.339,125.5842716
2019,10,0,12.87792969,20.58620005,5.169750065,-9.912849951,20.4631999,5.174950004,2.974193548,98.41944456
2019,11,96.04825039,9.397334743,15.60855012,3.186199975,-9.451549983,15.63590007,3.947249985,5.807333333,51.70064031
2019,12,119.0895504,4.533109868,9.255600047,-0.1893,-4.670249993,7.23179996,1.382600001,58.16129032,29.32381193
2020,1,4.246949995,6.220200312,12.16255002,0.278749987,-6.592600024,10.68100004,1.937800002,15.33870968,46.21739964
2020,2,10.93360007,6.144264817,12.75184989,-0.463199978,-8.612400007,11.95805001,2.308300015,10.88965517,57.66560506
2020,3,151.273201,4.433904856,9.360099912,-0.49215,-2.227800015,6.753500009,0.604650001,77.77096774,51.62887153
2020,4,125.2493999,8.990539765,15.57740016,2.403750012,0.115899993,12.86025,1.56105002,250.9966667,97.11145841
2020,5,1.246849996,15.09515452,23.44444981,6.745999968,0.758349987,22.73080015,3.183350027,35.01612903,180.0683542
2020,6,0.876949995,17.39266448,25.34944992,9.435999942,1.39409999,26.54759998,5.460399973,10.25433333,186.343031
2020,7,0.10415,21.21186447,29.21545029,13.20834999,0.504499985,32.61105013,7.104250026,1.892258065,210.156095
2020,8,9.436749968,23.40095444,28.78410006,18.01789994,2.940249968,32.95575008,11.03760004,0.505483871,149.5566184
2020,9,0,21.2689146,26.76984997,15.7680501,-0.898549999,30.21049976,11.23600008,0.463333333,119.9303376
2020,10,0.0058,16.9737246,22.9753499,10.97219999,-5.835599983,25.63210011,8.230649948,1.133870968,92.52686354
2020,11,33.23619962,8.252429867,13.51210008,2.992850013,-7.443299937,12.9848001,3.544350034,4.699333333,45.63037537
2020,12,64.80074997,5.329444909,10.7611999,-0.102199994,-11.4322,10.60155001,2.909449995,5.314193548,36.27841833
2021,1,102.655077,4.172939897,9.022549701,-0.676524988,-7.107344866,8.561429834,2.23352493,9.39516129,32.58981571
2021,2,8.144679737,5.384859836,10.81419983,-0.044365,-7.740649772,9.791879821,2.312724942,16.20714286,48.07501621
2021,3,59.66115799,3.824069905,9.422269773,-1.774014972,-6.700954866,8.929799795,1.502489966,16.52806452,61.5569334
2021,4,2.801869911,10.22394977,16.58479967,3.863264899,-4.701934898,16.01841469,3.390759909,10.316,108.6509793
2021,5,0.766244972,13.45398464,19.98627968,6.921809816,-1.200694956,19.47026453,4.37473489,4.530322581,141.8087136
2021,6,1.489024974,19.8829145,26.9389842,12.82697468,1.037029993,30.9751791,8.951144719,0.846333333,182.3116216
2021,7,19.64777451,22.73248453,28.40493917,17.06018953,6.950939822,29.56655436,9.696124744,0.656774194,165.4915553
2021,8,3.18738494,21.94877453,27.69267941,16.20500951,4.492984867,29.70726938,9.432909679,0.42516129,152.3233028
2021,9,0.693999987,19.82657957,25.13932962,14.51397967,1.894014938,26.08189945,7.880129814,0.536333333,112.3279742
2021,10,34.8046792,10.90387471,17.62253952,4.185344863,-2.362749942,13.04312959,3.043919897,1.58483871,80.7895192
2021,11,0,11.79585967,16.64275937,6.949109852,-6.68153491,15.41689467,5.452639854,2.848666667,50.39485826
2021,12,232.7523041,4.35681488,8.752689838,-0.038954979,-6.133354795,8.025989842,2.35604493,151.3841935,23.20483208